url_name,zh_name,platinum1,platinum2,platinum3,platinum_avg
dread_ward,恐惧屏障,13,13,15
braton_vandal_set,布莱顿·破坏者 一套,325,330,335
emp_aura,电磁脉冲场,10,10,10
primed_chamber,膛室 Prime,320,320,350
lato_vandal_set,拉托·破坏者 一套,365,365,370
epitaph_prime_barrel,葬铭 Prime 枪管,6,6,6
arcane_squall_helmet,飑风 秘奥头盔,280,350,945
exodia_epidemic,神威·流行病,8,10,11
arcane_backdraft_helmet,复燃 秘奥头盔,190
fortifying_fire,固盾火力,10,10,10
arcane_swindle_helmet,诈欺 秘奥头盔,250,300,300
arcane_phoenix_helmet,凤凰 秘奥头盔,200,244,300
frak_stabilizer_blueprint,锐克稳定器 蓝图,10,10,10
hard_reset,硬重启,9,10,10
sentient_surge,Sentient 涌现,270,271,290
hushed_invisibility,静谧无踪,10,13,14
lato_vandal_barrel,拉托·破坏者 枪管,235,280,290
arcane_locust_helmet,飞蝗 秘奥头盔,150,250,500
hystrix_prime_receiver,豪猪 Prime 枪机,9,10,10
arcane_mag_gauss_helmet,Mag 高斯 秘奥头盔,140,150,170
ironclad_charge,铁甲冲锋,8,10,12
dog_days_night_scene,三伏天夜晚场景,70
karak_wraith_blueprint,卡拉克·亡魂 蓝图,15,18,20
arcane_essence_helmet,本质 秘奥头盔,100,120,140
maim,致残枪弹,9,10,10
arcane_chlora_helmet,氯毒 秘奥头盔,150
arcane_pulse_helmet,脉冲 秘奥头盔,300,300,666
marked_target,标记目标,10,10,10
dog_days_scene,三伏天场景,70,100,100
vile_discharge,邪恶释放,120
mecha_overdrive,机甲 超载,9,10,10
arcane_gambit_helmet,策略 秘奥头盔,175,200,250
mesas_waltz,Mesa 的华尔兹,9,10,10
silver_grove_shrine_scene,落银树庭圣所场景
mountains_edge,山之锋芒,15,15,200
arcane_aura_helmet,预言 秘奥头盔,225,225,275
necramech_drift,殁世机甲 窜升,5,7,9
arcane_vespa_helmet,黄蜂 秘奥头盔,250
arcane_hemlock_helmet,铁杉 秘奥头盔,140,140,145
necramech_slipstream,殁世机甲 滑流,7,8,9
morgha_set,置灵者 一套,299,300
niras_anguish,混沌蛇主之苦,9,10,10
hespar_set,暮斩 一套,159,159,171
null_audit,虚无审计,10,10,10
color_key_scene,色键场景,70,99,100
onorix_handle,奥努里克斯 握柄,7,9,15
arcane_avalon_helmet,阿瓦隆 秘奥头盔,135,300,500
overextended,过度延展,10,10,10
boar_prime_set,野猪 Prime 一套,165,169,170
phaedra_receiver,菲德菈 枪机,9,14,15
braton_vandal_blueprint,布莱顿·破坏者 蓝图,150,150,159
phantasma_prime_barrel,幻离子 Prime 枪管,10,14,14
arcane_flux_helmet,通量 秘奥头盔,150
power_of_three,三幂之力,10,10,10
sporothrix_set,孢丝感染枪 一套,148,180,250
hard_engage,以硬碰硬,23,50,300
purifying_flames,净化烈焰,9,9,10
radiant_finish,终结闪光,15,18,18
arum_spinosa_set,疆南星刺 一套,150,250,400
dual_kamas_prime_set,双短柄战镰 Prime 一套,119,120,140
raksa_kubrow_imprint,防护型库狛 基因印记,8,10,10
shockwave_actuators,震波驱动器,33,1440
saryn_prime_neuroptics_blueprint,Saryn Prime 头部神经光元 蓝图,9,10,10
vauban_prime_set,Vauban Prime 一套,149,150,150
shattering_justice,破碎正义,8,10,10
paralytic_spores,瘫痪孢子,180,200
shedu_chassis,舍杜 机体,9,9,10
medjay_predasite_imprint,守卫扑猎达赛 基因印记,40,200
shocking_speed,电击加速,9,13,14
akstiletto_prime_set,史提托双枪 Prime 一套,130,135,139
shotgun_scavenger,霰弹枪弹药搜集者,10,12,15
auto_omni,万用自修,80,100,500
strain_consume,菌株 吸收,10,10,10
xata_invocation,Xata 神祈,93,99,99
vexing_retaliation,怨怒报复,14,24,25
hespar_blade_blueprint,暮斩 刀刃 蓝图,149,149,149
vigilante_fervor,私法 热诚,8,8,9
arcane_scorpion_helmet,毒蝎 秘奥头盔,140,200,200
accumulating_whipclaw,蓄积长鞭,9,10,10
spira_prime_set,旋刃飞刀 Prime 一套,119,120,125
akarius_prime_receiver,阿利乌双枪 Prime 枪机,7,9,10
arcane_esprit_helmet,机敏 秘奥头盔,120,125,200
arcane_aurora_helmet,极光 秘奥头盔,120,120,200
aklex_prime_blueprint,雷克斯双枪 Prime 蓝图,10,11,12
arcane_reverb_helmet,返响 秘奥头盔,90,200,330
auto_breach,自动破解,8,9,10
cortege_set,送葬者 一套,299,300,399
netherbarrow_region_scene,幽冥陵地区场景,200
braton_vandal_barrel,布莱顿·破坏者 枪管,9,10,10
carnis_stinger,肉碾虫 针刺,8,9,10
mag_prime_set,Mag Prime 一套,120,120,120
security_override,协议覆盖,77,200
ember_prime_systems_blueprint,Ember Prime 系统 蓝图,7,8,9
nami_skyla_prime_set,海波斯库拉对剑 Prime 一套,100,118,119
entropy_burst,熵数爆发,7,9,10
entropy_spike,熵数尖钉,8,10,14
latron_prime_set,拉特昂 Prime 一套,149,149,149
braton_vandal_stock,布莱顿·破坏者 枪托,130,130,130
felarx_blueprint,逐枭 蓝图,8,8,8
legendary_fusion_core,传说核心,130,135,140
glaive_prime_disc,战刃 Prime 圆盘,10,12,15
prisma_shade_set,棱晶 阴影 一套,115,120,120
hypothermic_shell,低温外壳,9,9,9
anti_grav_array,反重力阵列,33,40,79
infested_impedance,感染者阻抗,8,9,10
frost_prime_set,Frost Prime 一套,105,109,110
kaszas_blade,死亡使徒 刀刃,13,15,20
aeolak_set,风鸣 一套,120,150,300
kaszas_handle,死亡使徒 握柄,10,10,10
electro_pulse,电光脉冲,21,200
magus_anomaly,魔导·近点,9,9,10
prisma_lenz,棱晶·楞次弓,90,94,100
mantis_fuselage_blueprint,Mantis 机身 蓝图,8,8,10
prisma_twin_gremlins,棱晶·双子小精灵,80,85,100
nekros_prime_chassis_blueprint,Nekros Prime 机体 蓝图,9,10,10
venka_prime_set,凯旋之爪 Prime 一套,100,100,108
nyx_prime_chassis_blueprint,Nyx Prime 机体 蓝图,7,9,10
wyrm_prime_set,蛟龙 Prime 一套,99,100,100
arcane_thrak_helmet,震击 秘奥头盔,89,120,150
orthos_prime_set,欧特鲁斯 Prime 一套,8,9,9
pathocyst_blade,病囊飞刃 刀刃,9,11,25
nautilus_prime,鹦鹉螺 Prime 一套,100,100,105
primary_blight,主要·毒侵,9,10,10
prisma_gorgon,棱晶·蛇发女妖,80,98,100
arcane_menticide_helmet,灭神 秘奥头盔,94,100,149
rathbone_handle,拉斯波恩 握柄,12,13,15
red_veil_augment_mod,血色面纱强化Mod,10,10,10
hydroid_prime_set,Hydroid Prime 一套,105,109,110
scattering_inferno,炼狱轰击,8,8,10
prisma_obex,棱晶·奥比克斯,79,80,90
steel_meridian_augment_mod,钢铁防线强化Mod,10,10,10
prisma_veritux,棱晶·真理巨剑,80,89,95
stockpiled_blight,积存毁坏,8,10,10
sevagoth_prime,Sevagoth Prime 一套,90,98,99
sunika_kubrow_imprint,猎杀型库狛 基因印记,8,9,10
fluctus_set,巨浪 一套,27,39,45
synth_fiber,合成 纤维,9,9,10
nekros_prime_set,Nekros Prime 一套,99,100,100
targeting_subsystem,定位辅助,8,10,10
vapor_trail,雾化尾迹,15,20,25
tekko_prime_gauntlet,铁钩手甲 Prime 拳套,5,10,10
nova_prime_set,Nova Prime 一套,100,109,109
tiberon_prime_barrel,狂鲨 Prime 枪管,10,10,12
soma_prime_set,月神 Prime 一套,98,109,109
velocitus_receiver,极速电磁步枪 枪机,9,10,10
nikana_prime_set,侍刃 Prime 一套,99,99,100
velocitus_stock,极速电磁步枪 枪托,10,12,15
cetus_scene,希图斯场景,60,100,100
vigilante_offense,私法 进攻,9,9,10
latron_wraith_set,拉特昂·亡魂 一套,120,140,140
volt_prime_systems_blueprint,Volt Prime 系统 蓝图,17,20,20
loki_prime_set,Loki Prime 一套,100,100,100
zhuge_prime_receiver,诸葛连弩 Prime 枪机,15,29,35
primed_pistol_ammo_mutation,手枪弹药转换 Prime,90,100,150
zodiac_shred,黄道碎裂,3,10,10
searing_steel,炽燃钢铁,80,80,150
suda_armor_set,Suda Armor Set,70,70,70
aksomati_prime_barrel,轻灵月神双枪 Prime 枪管,7,13,15
kronen_prime_set,皇家拐刃 Prime 一套,90,95,95
arcane_barrier,赋能·壁垒,10,10,14
primed_rifle_ammo_mutation,步枪弹药转换 Prime,80,93,100
ballistica_prime_string,布里斯提卡 Prime 弓弦,10,18,19
battle_stations,战位,10,10,10
spectra_vandal_set,光谱切割器·破坏者 一套,99,100,100
nautilus_set,鹦鹉螺 一套,100,115,250
body_count,杀伤计数,10,10,10
saryn_prime_set,Saryn Prime 一套,95,95,95
coaction_drift,协力窜升,9,10,10
entropy_detonation,熵数起爆,7,9,33
vulkar_wraith,金工火神·亡魂,90,90,90
garmr_core_blueprint,加姆核心 蓝图,8,9,10
prisma_grinlok,棱晶·葛恩火枪,75,80,90
vectis_prime_set,守望者 Prime 一套,85,90,90
grendel_prime_blueprint,Grendel Prime 蓝图,9,9,10
meticulous_aim,细心瞄准,80,100,100
helios_prime_systems,赫利俄斯 Prime 系统,10,15,15
akjagara_prime_set,觉醒双枪 Prime 一套,75,80,80
hydroid_prime_chassis_blueprint,Hydroid Prime 机体 蓝图,7,9,9
glaive_prime_set,战刃 Prime 一套,88,89,90
lohk_canticle,Lohk 颂歌,8,8,8
photon_overcharge,光子过载,100,100,100
longbow_sharpshot,弓箭·利矢,9,9,10
melee_elementalist,近战元素师,9,9,10
glaxion_vandal,冷冻光束步枪·破坏者,75,80,90
tekko_prime_set,铁钩手甲 Prime 一套,99,99,100
mirage_prime_chassis_blueprint,Mirage Prime 机体 蓝图,8,10,10
necramech_seismic_wave,殁世机甲 震波,10,10,12
volt_prime_set,Volt Prime 一套,90,94,95
okina_prime_blueprint,翁 Prime 蓝图,8,8,10
bonewidow_set,骨骸寡妇 一套,70,130,180
phenmor_blueprint,凤殁 蓝图,8,10,10
gotva_prime,骨葬 Prime,90,90,90
pilfering_strangledome,贪夺穹顶,8,8,9
ember_prime_set,Ember Prime 一套,85,85,85
raiju_core_blueprint,莱胡核心 蓝图,8,10,15
ris_invocation,Ris 神祈,8,8,8
prova_vandal,普罗沃·破坏者,85,89,96
scindo_prime_handle,分裂斩斧 Prime 握柄,5,5,7
ash_prime_set,Ash Prime 一套,90,92,95
total_eclipse,全蚀,10,10,10
aksomati_prime_set,轻灵月神双枪 Prime 一套,89,90,90
virtuos_ghost,正直·鬼魅,8,56,60
opticor_vandal,奥堤克光子枪·破坏者,75,87,87
virtuos_surge,正直·突波,8,8,17
cortege_stock,送葬者 枪托,100
oberon_prime_set,Oberon Prime 一套,87,88,90
volt_prime_chassis_blueprint,Volt Prime 机体 蓝图,10,10,10
primed_bane_of_infested,灭亡 Infested Prime,90,97,100
vulcan_blitz,火神闪击,7,8,9
zubb_bracket_blueprint,乍布脚架 蓝图,15,20
primed_expel_corrupted,驱逐 Orokin Prime,100,100,120
tainted_hydra,污染水螅
acceltra_prime_barrel,迅发电浆炮 Prime 枪管,9,10,10
critical_precision,致命精准,25,25,45
akbronco_prime_set,野马双枪 Prime 一套,6,6,6
prisma_grakata,棱晶·葛拉卡达,80,95,98
chamber_of_the_lotus_scene,Lotus 大厅场景,150,190
ankyros_prime_gauntlet,甲龙双拳 Prime 拳套,8,15,16
hammer_shot,重锤射击,89,90,99
arcane_precision,赋能·精确,5,8,10
nyx_prime_set,Nyx Prime 一套,83,90,90
deadly_maneuvers,致命机动,10,10,10
centaur_set,半人马 一套,70
despoil,掠夺,9,9,10
primed_bane_of_grineer,灭亡 Grineer Prime,89,100,100
dual_kamas_prime_handle,双短柄战镰 Prime 握柄,8,8,8
primed_expel_grineer,驱逐 Grineer Prime,120,120,130
exposing_harpoon,暴露鱼叉,8,10,15
akbolto_prime_set,螺钉双枪 Prime 一套,89,89,89
fluctus_stock,巨浪 枪托,8,8,10
gara_prime_chassis_blueprint,Gara Prime 机体 蓝图,8,10,11
carmine_penta_set,嫣红·潘塔 一套,100,125,135
mecha_empowered,机甲 强化,7,10,10
halikar_wraith,哈利卡·亡魂,85,95,100
mirage_prime_set,Mirage Prime 一套,80,80,80
medi_ray,医疗射线,10,14,20
ambush,幽灵伏击,60,60,75
natural_talent,天赋,7,9,10
primed_cryo_rounds,低温弹头 Prime,79,80,80
necramech_hydraulics,殁世机甲 液压,5,8,9
kogake_prime_set,科加基 Prime 一套,84,85,90
netra_invocation,Netra 神祈,9,9,9
nidus_prime_set,Nidus Prime 一套,80,80,85
nyx_prime_systems_blueprint,Nyx Prime 系统 蓝图,7,8,9
akvasto_prime_set,瓦斯托双枪 Prime 一套,70,80,80
phaedra_barrel,菲德菈 枪管,10,10,10
carrier_prime_set,搬运者 Prime 一套,70,75,80
quick_reload,快速装填,8,12,15
sudas_datascape_scene,苏达数据景观场景,200
rubico_prime_stock,绝路 Prime 枪托,8,9,9
iatric_mycelium,医疗菌丝,10,18,200
scimitar_fuselage_blueprint,Scimitar 机身 蓝图,10,10,10
hexis_armor_set,Hexis Armor Set,50,58,60
shade_prime_carapace,阴影 Prime 外壳,14,20,20
saxum_spittle,重岩者 唾液,88,95,139
acidic_spittle,浓酸唾液,10,15,200
shedu_handle,舍杜 握柄,8,8,8
plains_of_eidolon_scene,夜灵平野场景,90,90,93
shedu_receiver,舍杜 枪机,8,9,10
prisma_angstrum,棱晶·安格斯壮,80,80,80
shredder,粉碎器,5,10,10
tigris_prime_receiver,猛虎 Prime 枪机,14,15,15
prisma_machete,棱晶·马谢特砍刀,70,80,80
titania_prime_chassis_blueprint,Titania Prime 机体 蓝图,6,10,10
wukong_prime_set,Wukong Prime 一套,80,88,89
untraceable,无迹可寻,9,9,9
prisma_burst_laser,棱晶 激光点发,60,115,176
athodai_set,阿索代 一套,90,100,200
venom_dose,猛毒附加,9,10,10
limbo_prime_set,Limbo Prime 一套,70,70,79
akstiletto_prime_link,史提托双枪 Prime 连接器,5,9,10
titania_prime_set,Titania Prime 一套,75,79,79
baruuk_prime_blueprint,Baruuk Prime 蓝图,9,9,9
primed_cleanse_infested,净化 Infested Prime,54,75,99
condition_overload,异况超量,8,9,10
zephyr_prime_set,Zephyr Prime 一套,80,80,85
destreza_prime_handle,技巧之剑 Prime 握柄,5,6,9
boar_prime_stock,野猪 Prime 枪托,75,75,75
enduring_strike,不朽打击,5,7,10
combo_killer,连击杀手,65,90,99
entropy_flight,飞逝熵数,10,15
dera_vandal_set,德拉·破坏者 一套,40,100,200
fang_prime_set,狼牙 Prime 一套,5,5,5
epitaph_prime,葬铭 Prime 一套,70,74,75
frost_jaw,冰冻双颚,8,12,15
prisma_skana,棱晶·空刃,67,70,75
gunsen_prime_blade,军扇 Prime 刀刃,8,8,9
quanta_vandal,量子切割器·破坏者,78,80,85
primed_sniper_ammo_mutation,狙击枪弹药转换 Prime,70,79,80
hunter_munitions,猎人 战备,10,10,10
companion_weapon_riven_mod_(veiled),同伴武器裂罅 Mod (尚未揭开),65,67,68
loki_prime_blueprint,Loki Prime 蓝图,8,9,10
prisma_shade,棱晶 阴影,80,180,198
nyx_prime_blueprint,Nyx Prime 蓝图,7,8,8
aklex_prime_set,雷克斯双枪 Prime 一套,80,80,80
opportunitys_reach,机遇所至,9,9,10
juice,能量果汁,25,30,91
praedos_blueprint,双雄 蓝图,10,14,14
morgha_barrel,置灵者 枪管,100
ready_steel,磨砺锋刃,7,8,9
primed_regen,重生 Prime,80,80,90
rubico_prime_barrel,绝路 Prime 枪管,7,8,9
strun_wraith_set,斯特朗·亡魂 一套,70,70,75
seeking_shuriken,削甲手里剑,9,9,10
supra_vandal,苏普拉·破坏者,73,79,79
stalking_fan,缠旋风切,6,8,10
garuda_prime_set,Garuda Prime 一套,70,75,78
titania_prime_blueprint,Titania Prime 蓝图,9,10,10
dethcube_prime_set,死亡魔方 Prime 一套,70,75,79
true_punishment,真实惩罚,6,6,7
hydraulic_gauge,液压弹药,150
orbiter_scene,轨道飞行器场景,50,83,90
wukong_prime_chassis_blueprint,Wukong Prime 机体 蓝图,10,10,10
primed_fulmination,猛烈爆发 Prime,78,80,80
zylok_prime_blueprint,席尔火枪 Prime 蓝图,7,8,9
akjagara_prime_receiver,觉醒双枪 Prime 枪机,7,7,8
primed_redirection,蓄能重划 Prime,50,70,70
zylok,席尔火枪,60,80,90
astral_twilight,星界微光,7,8,8
baza_prime_set,苍鹰 Prime 一套,70,79,79
cernos_prime_upper_limb,西诺斯 Prime 上弓臂,5,10,28
corinth_prime_set,科林斯 Prime 一套,89,89,90
conditions_perfection,极致境地,7,8,9
primed_smite_corpus,毁灭 Corpus Prime,65,70,79
corrupt_charge,邪恶蓄力,6,9,10
disciplines_merit,纪律之功,65,65,69
corufell_receiver,闪劫 枪机,8,13,13
helios_prime_set,赫利俄斯 Prime 一套,65,70,70
fulmination,猛烈爆发,35,50,60
fleeting_expertise,弹指瞬技,8,9,10
harkonar_scope,哈库那瞄准镜,5,7,8
khora_prime_set,Khora Prime 一套,65,70,75
hyperion_thrusters,超越推进,5,8,9
arum_spinosa_rivet,疆南星刺 铆钉,70,150,150
immolated_radiance,献祭之辉,10,11,13
cinta_set,遂心 一套,80,95,150
jugulus_spines,喉骨刃者 脊刺,50,65,69
imperator_vandal_blueprint,凯旋将军·破坏者 蓝图,8,10,10
innodem_blueprint,清刚 蓝图,7,8,10
corinth_prime_barrel,科林斯 Prime 枪管,50,50,50
prisma_ohma,棱晶·欧玛,70,70,70
limbo_prime_systems_blueprint,Limbo Prime 系统 蓝图,4,4,6
vericres,真月武扇,69,70,75
narrow_minded,心志偏狭,9,9,10
ballistica_prime_set,布里斯提卡 Prime 一套,65,69,70
necramech_efficiency,殁世机甲 增效,8,9,12
voidrig_set,虚空锐将 一套,60,65,70
necramech_streamline,殁世机甲 简化,8,10,10
banshee_prime_set,Banshee Prime 一套,70,70,70
nikana_prime_blueprint,侍刃 Prime 蓝图,8,8,9
nova_prime_blueprint,Nova Prime 蓝图,15,15,15
primed_target_cracker,弱点专精 Prime,70,70,70
oberon_prime_chassis_blueprint,Oberon Prime 机体 蓝图,8,10,14
tipedo_prime_set,提佩多 Prime 一套,70,75,75
paris_prime_set,帕里斯 Prime 一套,8,10,10
machete_wraith,马谢特砍刀·亡魂,67,69,70
pax_seeker,和平·追寻者,9,9,15
viper_wraith,蝰蛇·亡魂,60,60,75
recharge_barrier,充能电幕,8,10,10
bo_prime_set,玻之武杖 Prime 一套,70,80,80
rending_crane,撕裂鹤击,9,10,10
mesa_prime_set,Mesa Prime 一套,67,68,69
scimitar_avionics_blueprint,Scimitar 飞航系统 蓝图,7,10,10
octavia_prime_set,Octavia Prime 一套,75,75,75
steflos_receiver,石晶之花 枪机,10,13,14
votive_onslaught,埋首猛击,6,6,8
nezha_prime_set,Nezha Prime 一套,65,70,73
prisma_tetra,棱晶·特拉,60,69,70
wanz_stabilizer_blueprint,万兹稳定器 蓝图,8,10,15
zhuge_prime_string,诸葛连弩 Prime 弓弦,9,9,10
valkyr_prime_set,Valkyr Prime 一套,70,70,70
corufell_handle,闪劫 握柄,8,10,10
primed_pack_leader,领袖 Prime,70,77,79
crimson_dervish,赤红狂舞,7,9,10
high_voltage,高压电流,65,65,65
dakra_prime_handle,达克拉 Prime 握柄,6,6,7
orb_vallis_scene,奥布山谷场景
twin_vipers_wraith_set,双子蝰蛇·亡魂 一套,20,75,75
guandao_prime_blade,关刀 Prime 刀刃,6,7,9
cernos_prime_set,西诺斯 Prime 一套,60,69,70
high_noon,正午,10,10,10
looter,搜刮者,60,60,75
laetum_blueprint,奏凯 蓝图,6,7,7
atlas_prime_set,Atlas Prime 一套,57,65,69
magus_repair,魔导·修复,7,7,8
gara_prime_set,Gara Prime 一套,65,69,70
nami_skyla_prime_handle,海波斯库拉对剑 Prime 握柄,10,10,10
lato_vandal_blueprint,拉托·破坏者 蓝图,65,70,150
octavia_prime_systems_blueprint,Octavia Prime 系统 蓝图,7,9,9
pax_bolt,和平·电闪,6,6,9
primed_fast_hands,爆发装填 Prime,65,65,70
quick_return,快速收回,2,4,5
arc_coil,电弧线圈,250
primed_cleanse_grineer,净化 Grineer Prime,54,55,55
steflos_stock,石晶之花 枪托,5,5,7
primed_magazine_warp,弹匣增幅 Prime,65,70,70
tenora_prime_stock,双簧管 Prime 枪托,9,10,12
trample,践踏,9,9,10
trinity_prime_set,Trinity Prime 一套,65,70,70
adarza_kavat_imprint,镜像型库娃 基因印记,8,8,8
akmagnus_prime,麦格努斯双枪 Prime 一套,65,70,70
agkuza_handle,驯象钩刃 握柄,9,10,12
frost_prime_blueprint,Frost Prime 蓝图,60,60,64
boltor_prime_barrel,螺钉步枪 Prime 枪管,7,7,10
meridian_armor_set,Meridian Armor Set,45,50,60
primed_heated_charge,火焰装填 Prime,60,60,60
bronco_prime_set,野马 Prime 一套,4,6,6
carrier_prime_blueprint,搬运者 Prime 蓝图,10,10,12
primed_pistol_gambit,手枪精通 Prime,55,60,60
primed_rubedo_lined_barrel,红晶枪管 Prime,60,60,68
cobra_and_crane_prime_guard,眼镜蛇 & 鹤 Prime 护手,5,7,10
reawaken,再启动,60,60,85
deadly_efficiency,致命效率,7,8,9
rubico_prime_set,绝路 Prime 一套,60,65,68
ember_prime_chassis_blueprint,Ember Prime 机体 蓝图,7,8,9
gamma_beacon,Gamma 信标,50
focused_defense,重点防御,8,9,9
karak_wraith_set,卡拉克·亡魂 一套,90,99,99
gauss_prime_blueprint,Gauss Prime 蓝图,6,7,7
nova_prime_chassis_blueprint,Nova Prime 机体 蓝图,60,60,60
hespar_handle_blueprint,暮斩 握柄 蓝图,5,7,8
primed_ammo_stock,霰弹扩充 Prime,60,70,70
jugulus_barbs,喉骨刃者 倒刺,5,6,7
primed_smite_grineer,毁灭 Grineer Prime,60,60,69
magus_lockdown,魔导·封锁,8,8,9
primed_tactical_pump,战术上膛 Prime,55,56,60
magus_melt,魔导·热熔,8,9,9
scourge_prime_set,祸根 Prime 一套,58,59,60
masseter_prime_blade,咀嚼金棒 Prime 刀刃,8,9,10
voltaic_strike,伏打电能,50,65,65
mecha_recharge,机甲 充能,5,7,10
red_veil_armor_set,Red Veil Armor Set,67,100,100
nami_skyla_prime_blueprint,海波斯库拉对剑 Prime 蓝图,7,9,10
ivara_prime_set,Ivara Prime 一套,62,69,70
neutralize,啃咬压制,2,5,5
prisma_dual_decurions,棱晶·什长双枪,60,65,68
niras_hatred,混沌蛇主之恨,7,7,8
protea_prime_set,Protea Prime 一套,60,60,60
rifle_elementalist,步枪元素师,8,9,9
tenora_prime_set,双簧管 Prime 一套,45,60,60
secondary_shiver,次要·冷颤,7,7,8
astral_autopsy,星界剖解,55,70,79
sevagoth_prime_neuroptics_blueprint,Sevagoth Prime 头部神经光元 蓝图,8,8,9
primed_convulsion,痉挛 Prime,60,69,69
split_flights,分裂飞行,65,69,70
shotgun_amp,霰弹枪增幅,5,7,10
swift_mercy,迅捷怜悯,7,15,15
wolf_sledge_set,恶狼战锤 一套,60,60,60
cyngas_set,合成燃气炮 一套,35,60
swooping_falcon,猎鹰俯击,7,7,9
primed_firestorm,烈焰风暴 Prime,55,59,59
trinity_prime_neuroptics_blueprint,Trinity Prime 头部神经光元 蓝图,10,15,15
detect_vulnerability,弱点侦测,60,60,60
vile_acceleration,卑劣加速,8,9,10
energy_generator,能量产生器,55,58,60
arcane_guardian,赋能·保卫者,8,9,9
inaros_prime_set,Inaros Prime 一套,55,60,60
battle_forge,战斗锻造,6,6,7
epitaph_barrel,葬铭 枪管,5,5,7
equinox_prime_set,Equinox Prime 一套,54,70,70
fomorian_accelerant,巨人促进剂,8,9,10
ninkondi_prime_set,降灵追猎者 Prime 一套,60,60,64
frost_prime_neuroptics_blueprint,Frost Prime 头部神经光元 蓝图,8,9,10
sybaris_prime_set,席芭莉丝 Prime 一套,55,55,69
hit_and_run,脚底抹油,5,5,15
velocitus_set,极速电磁步枪 一套,45,50,200
kavasa_prime_kubrow_collar_blueprint,喀婆萨 Prime 库狛项圈 蓝图,5,5,7
primed_bane_of_corrupted,灭亡 Orokin Prime,50,58,58
live_wire,火线电击,2,4,5
magus_cadence,魔导·韵律,9,10,45
bite,咬碎,60,64,65
magus_replenish,魔导·充盈,9,10,10
volatile_variant,易爆变体,60,100,100
basin_cay_scene,盆地岛场景,25
mesa_prime_blueprint,Mesa Prime 蓝图,5,5,8
jolt,电流震击,58,59,60
necramech_deflection,殁世机甲 充能,5,8,10
niras_contempt,混沌蛇主之鄙,8,9,10
primed_chilling_grasp,急冻控场 Prime,59,60,60
nova_prime_neuroptics_blueprint,Nova Prime 头部神经光元 蓝图,10,10,10
primed_continuity,持久力 Prime,50,58,59
runtime,溜之大吉,9,10,10
primed_expel_infested,驱逐 Infested Prime,69,70,70
shrapnel_shot,破片射击,5,6,6
primed_shotgun_ammo_mutation,霰弹枪弹药转换 Prime,55,60,78
stahlta_receiver,钢刃步枪 枪机,5,8,9
chroma_prime_set,Chroma Prime 一套,57,60,60
steflos_barrel,石晶之花 枪管,5,8,10
primed_expel_corpus,驱逐 Corpus Prime,59,59,65
stradavar_prime_stock,斯特拉迪瓦 Prime 枪托,9,9,9
tether,束缚力场,6,9,10
nikana_prime_hilt,侍刃 Prime 握柄,58,65,68
titania_prime_neuroptics_blueprint,Titania Prime 头部神经光元 蓝图,7,7,7
dual_kamas_prime_blade,双短柄战镰 Prime 刀刃,45,49,54
valkyr_prime_neuroptics_blueprint,Valkyr Prime 头部神经光元 蓝图,9,9,10
negate,抵消,53,53,55
aerial_prospectus,空中招股,5,10,13
primed_animal_instinct,动物本能 Prime,55,60,60
astral_slash,星体切砍,6,7,10
ballistica_prime_upper_limb,布里斯提卡 Prime 上弓臂,3,5,5
primed_dual_rounds,双重弹头 Prime,50,50,60
cernos_prime_string,西诺斯 Prime 弓弦,5,5,7
rhino_prime_set,Rhino Prime 一套,53,55,59
chilling_globe,冰封护罩,10,12,12
turret_velocity,炮台速度,77,78,100
comet_blast,彗星爆发,5,5,5
energy_conversion,能量转换,50,56,57
garuda_prime_systems_blueprint,Garuda Prime 系统 蓝图,50,53,54
covert_lethality,致命匿杀,5,7,7
hikou_prime_set,飞扬 Prime 一套,50,70,70
heavy_caliber,重口径,7,7,7
primed_smite_infested,毁灭 Infested Prime,79,80,90
howl,嚎声,4,10,13
hydraulic_crosshairs,液压准心,4,5,5
akarius_prime_set,阿利乌双枪 Prime 一套,50,55,60
ivara_prime_blueprint,Ivara Prime 蓝图,5,9,9
cordon,防线封锁,30,30,30
dual_decurion_set,什长双枪 一套,40,50,70
malicious_code,恶毒指令,14,20,24
empowered_blades,强化刀锋,45,50,50
necramech_enemy_sense,殁世机甲 敌人感应,5,5,7
health_conversion,生命转换,69,70,74
necramech_friction,殁世机甲 摩擦,5,5,5
primed_slip_magazine,串联弹匣 Prime,49,60,65
oberon_prime_blueprint,Oberon Prime 蓝图,5,5,7
piercing_step,穿刺步伐,4,13,14
atlas_prime_neuroptics_blueprint,Atlas Prime 头部神经光元 蓝图,55,60,60
pyrana_prime_barrel,食人鱼 Prime 枪管,7,7,9
guandao_prime_set,关刀 Prime 一套,50,55,57
semi_rifle_cannonade,半自动步枪炮轰,5,5,5
plan_b,应急备案,10,50,70
sybaris_prime_stock,席芭莉丝 Prime 枪托,8,8,9
primed_bane_of_corpus,灭亡 Corpus Prime,46,65,69
vicious_frost,蚀骨寒霜,6,8,9
vastilok,瓦斯提枪刃,55,59,60
vauban_prime_systems_blueprint,Vauban Prime 系统 蓝图,50,50,50
zephyr_prime_chassis_blueprint,Zephyr Prime 机体 蓝图,5,5,5
zhuge_prime_set,诸葛连弩 Prime 一套,50,59,59
arcane_blade_charger,赋能·刀刃充能,5,5,7
fragor_prime_set,重击巨锤 Prime 一套,42,50,55
arcane_double_back,赋能·回返,4,10,50
arcane_ice,赋能·冰冷,2,3,5
precision_strike,精准打击,14,14,15
combat_discipline,战斗教条,8,8,9
botanist,植物学家,50,55,60
kappa_beacon,Kappa 信标,50,90
combustion_rounds,燃烧弹头,4,5,5
dreamers_wrath,梦者之怒,45,49,49
corvas_prime_receiver,黑鸦 Prime 枪机,6,9,10
mag_prime_blueprint,Mag Prime 蓝图,48,49,54
dakra_prime_blueprint,达克拉 Prime 蓝图,8,10,40
eidolon_lens_blueprint,夜灵晶体 蓝图,10,10,10
sevagoth_prime_chassis_blueprint,Sevagoth Prime 机体 蓝图,44,48,50
hikou_prime_stars,飞扬 Prime 星镖,7,7,8
mirage_prime_blueprint,Mirage Prime 蓝图,48,48,49
kinetic_diversion,动力转移,7,8,10
pyrana_prime_set,食人鱼 Prime 一套,40,45,49
silva_and_aegis_prime_set,席瓦 & 神盾 Prime 一套,47,50,50
link_vitality,链接生命力,5,9,10
sporothrix_stock,孢丝感染枪 枪托,40,40,45
mesa_prime_chassis_blueprint,Mesa Prime 机体 蓝图,5,5,5
primed_flow,川流不息 Prime,50,50,50
pax_charge,和平·电充,5,7,7
saryn_prime_chassis_blueprint,Saryn Prime 机体 蓝图,49,50,50
pyrana_prime_receiver,食人鱼 Prime 枪机,8,9,9
akvasto_prime_blueprint,瓦斯托双枪 Prime 蓝图,50,50,55
secondary_kinship,次要·手足,8,30,40
zephyr_prime_systems_blueprint,Zephyr Prime 系统 蓝图,50,50,59
sharpened_bullets,尖锐子弹,5,5,7
euphona_prime_set,悦音 Prime 一套,40,50,50
sheev_heatsink,希芙 散热片,5,10,10
panthera_prime_set,猎豹 Prime 一套,45,45,50
shotgun_cannonade,半自动霰弹枪炮轰,5,5,5
primed_fever_strike,热病打击 Prime,49,50,50
sicarus_prime_barrel,暗杀者 Prime 枪管,5,5,8
snap_shot,速射,4,5,5
baza_prime_stock,苍鹰 Prime 枪托,30,37,40
virtuos_tempo,正直·节奏,8,19,27
carrier_prime_cerebrum,搬运者 Prime 头部,44,44,44
arcane_battery,赋能·电池,5,6,8
harrow_prime_set,Harrow Prime 一套,40,49,50
auxiliary_power,辅助动力,5,5,5
blazing_steel,炽烈坚刃,3,5,5
kinetic_friction,动能摩擦,25,85
little_cay_scene,小岛场景
braton_prime_set,布莱顿 Prime 一套,5,5,5
amesha_set,圣使 一套,60,60
carving_mantis,雕斩螳螂,7,7,8
ankyros_prime_set,甲龙双拳 Prime 一套,40,45,45
hec_hound_blueprint,骸克猎犬 蓝图,50
crimson_fugue,猩红逐击,4,5,5
deceptive_bond,虚伪连结,7,12,20
imperator_vandal_set,凯旋将军·破坏者 一套,40,45,49
dreamers_bond,梦者羁绊,5,9,10
primed_reach,剑风 Prime,50,55,59
furax_wraith_right_gauntlet,弗拉克斯·亡魂 右拳套,4,8,11
combo_fury,连击狂怒,42,60,100
hunt,狩猎,5,5,8
reaper_prime_set,收割者 Prime 一套,45,45,49
insulation,隔热,5,10,10
tigris_prime_set,猛虎 Prime 一套,30,44,45
limbo_prime_blueprint,Limbo Prime 蓝图,7,7,7
energizing_shot,充沛射击,20,25,48
magnus_prime_receiver,麦格努斯 Prime 枪机,3,4,4
moonlit_courtyard_simulacrum,月光庭院幻影装置,40,55
particle_ram,粒子冲撞,5,6,10
pathocyst_set,病囊飞刃 一套,42,50,99
physique,体魄,3,4,5
snipetron_vandal_set,狙击特昂·破坏者 一套,75,100,100
primary_plated_round,主要·镀金弹头,5,13,15
akstiletto_prime_barrel,史提托双枪 Prime 枪管,12,15,15
protect,保护,4,4,10
tiberon_prime_set,狂鲨 Prime 一套,44,46,47
shotgun_elementalist,霰弹枪元素师,4,6,8
helios_prime_cerebrum,赫利俄斯 Prime 头部,40,45,60
silva_and_aegis_prime_blade,席瓦 & 神盾 Prime 刀刃,5,6,7
mag_locks,磁吸固锁,25,64
silva_and_aegis_prime_hilt,席瓦 & 神盾 Prime 握柄,5,7,10
shell_shock,电冲弹药,45,45,45
stand_united,团结一致,8,10,10
vizier_predasite_imprint,宰相扑猎达赛 基因印记,180
swift_momentum,迅敏动量,5,5,8
ambassador_blueprint,使节 蓝图,40,40,40
system_reroute,系统重划,8,8,9
primed_morphic_transformer,非晶变压器 Prime,30,35,40
target_acquired,锁定目标,5,5,5
primed_pressure_point,压迫点 Prime,43,60,60
velox_barrel,逐电 枪管,4,5,5
vectis_prime_receiver,守望者 Prime 枪机,45,45,50
aeolak_barrel_blueprint,风鸣 枪管 蓝图,5,5,7
aklex_prime_link,雷克斯双枪 Prime 连接器,60,70,70
akbolto_prime_barrel,螺钉双枪 Prime 枪管,5,9,10
akjagara_prime_link,觉醒双枪 Prime 连接器,2,8,8
blaze,烈焰,34,35,40
bomb_the_landin,轰炸落地,25,40
anemic_agility,乏能迅敏,8,8,9
gara_prime_blueprint,Gara Prime 蓝图,39,44,45
arcane_acceleration,赋能·加速,5,6,7
grinloked,精准火枪
automatic_trigger,自动扳机,5,5,7
itzal_set,刺影 一套,30,38,40
boreals_contempt,诡文枭主之鄙,8,8,8
magnus_prime_set,麦格努斯 Prime 一套,49,50,50
cernos_prime_grip,西诺斯 Prime 弓身,5,10,29
odonata_prime_set,陨蜓 Prime 一套,40,45,47
chroma_prime_chassis_blueprint,Chroma Prime 机体 蓝图,5,6,7
onkkos_command_post_scene,昂克的指挥所场景,74,80
rathbone_set,拉斯波恩 一套,40,55
critical_deceleration,降速暴击,7,8,9
secondary_wind,回气再起,30
deck_12_scene,12 号甲板场景,1,100
sporothrix_receiver,孢丝感染枪 枪机,35,39,40
diversified_denial,多元否认,6,15,15
wukong_prime_blueprint,Wukong Prime 蓝图,45,46,46
ambulas_arena_simulacrum,Ambulas 竞技场幻影装置,40
equilibrium,均衡点,5,6,6
sabot_rounds,覆壳弹药,39,40,40
gorgon_wraith_receiver,蛇发女妖·亡魂 枪机,4,4,4
inaros_prime_blueprint,Inaros Prime 蓝图,5,5,6
grendel_prime_set,Grendel Prime 一套,40,40,43
nidus_prime_neuroptics_blueprint,Nidus Prime 头部神经光元 蓝图,40,40,40
inaros_prime_systems_blueprint,Inaros Prime 系统 蓝图,5,5,6
okina_prime_set,翁 Prime 一套,35,35,39
kogake_prime_boot,科加基 Prime 靴子,5,5,7
magazine_extension,扩充弹匣,5,10,10
strun_prime_set,斯特朗 Prime 一套,45,69,69
malignant_force,致命火力,5,5,6
valkyr_prime_chassis_blueprint,Valkyr Prime 机体 蓝图,35,37,40
mecha_pulse,机甲 脉冲,4,5,5
wisp_prime_set,Wisp Prime 一套,42,42,44
pangolin_prime_handle,鲮鲤剑 Prime 握柄,4,7,14
gauss_prime_set,Gauss Prime 一套,40,40,40
pistol_riven_mod_(veiled),手枪裂罅 Mod （尚未揭开）,4,5,5
venka_prime_gauntlet,凯旋之爪 Prime 手套,40,44,44
sevagoth_prime_systems_blueprint,Sevagoth Prime 系统 蓝图,6,6,6
loki_prime_systems_blueprint,Loki Prime 系统 蓝图,30,39,40
shred,撕裂,5,5,6
dakra_prime_set,达克拉 Prime 一套,40,40,40
slip_magazine,串联弹匣,5,10,10
final_tap,最终一击,15
snipetron_vandal_blueprint,狙击特昂·破坏者 蓝图,5,7,10
hydroid_prime_systems_blueprint,Hydroid Prime 系统 蓝图,40,45,45
stahlta_stock,钢刃步枪 枪托,5,5,5
mara_detron,苦痛·德特昂,40,40,50
sybaris_prime_receiver,席芭莉丝 Prime 枪机,8,8,8
redeemer_prime_set,救赎者 Prime 一套,39,40,43
vasto_prime_barrel,瓦斯托 Prime 枪管,5,5,7
volcanic_edge,爆裂刀刃,4,4,5
revenant_prime_set,Revenant Prime 一套,33,40,40
zakti_prime_receiver,毒芽 Prime 枪机,4,5,8
afuris_prime_set,盗贼双枪 Prime 一套,40,45,50
animal_instinct,动物本能,5,5,5
arcane_ultimatum,赋能·通牒,4,5,5
primed_point_blank,抵近射击 Prime,30,35,45
assault_mode,突击模式,2,2,10
shedu_set,舍杜 一套,39,39,39
atlantis_vulcan,深渊之火,4,4,5
the_abandoned_vessel_scene,废弃承载体场景,49
atlas_prime_chassis_blueprint,Atlas Prime 机体 蓝图,4,4,4
ballistica_prime_receiver,布里斯提卡 Prime 枪机,5,5,10
boltor_prime_set,螺钉步枪 Prime 一套,34,35,35
boreals_hatred,诡文枭主之恨,5,5,5
burston_prime_set,伯斯顿 Prime 一套,8,9,9
arcane_energize,赋能·充沛,35,39,39
chroma_prime_blueprint,Chroma Prime 蓝图,5,8,9
limbo_prime_chassis_blueprint,Limbo Prime 机体 蓝图,30,35,38
collision_force,冲击巨力,4,5,5
sporothrix_barrel,孢丝感染枪 枪管,38,40,40
contagious_spread,传染蔓延,4,4,5
vauban_prime_neuroptics_blueprint,Vauban Prime 头部神经光元 蓝图,45,45,45
corinth_prime_receiver,科林斯 Prime 枪机,5,6,7
agkuza_set,驯象钩刃 一套,70
decisive_judgement,果断裁决,5,5,5
secura_penta,保障·潘塔,35,40,150
eagle_eye,鹰眼,2,4,5
euphona_prime_receiver,悦音 Prime 枪机,45,50,59
efficient_transferral,高效传输,5,5,5
nyx_prime_neuroptics_blueprint,Nyx Prime 头部神经光元 蓝图,45,50,50
electromagnetic_shielding,电磁屏障,5,15,15
energy_nexus,能量枢纽,5,5,5
primed_deadly_efficiency,致命效率 Prime,35,40,40
rauta_set,锐铁 一套,40,40,40
epitaph_blueprint,葬铭 蓝图,4,5,5
redeemer_prime_handle,救赎者 Prime 握柄,40,45,50
epitaph_receiver,葬铭 枪机,5,5,7
evasive_denial,推诿否认,7,15,18
soma_prime_stock,月神 Prime 枪托,40,45,49
winding_isles_scene,曲径群岛场景,30,50
expel_the_murmur,驱逐低语者,4,4,5
focused_prospectus,重点招股,12,15,15
dual_keres_prime_set,凯瑞斯双刀 Prime 一套,30,39,39
furax_wraith_left_gauntlet,弗拉克斯·亡魂 左拳套,5,7,7
galatine_prime_set,迦伦提恩 Prime 一套,45,50,50
galeforce_dawn,狂风压境,5,5,9
omega_beacon,Omega 信标
gram_prime_blueprint,格拉姆 Prime 蓝图,5,7,8
primed_heavy_trauma,重创 Prime,40,50,50
secura_lecta,保障·勒克塔,40,45,150
hunter_track,猎人 追踪,4,5,5
kronen_prime_blade,皇家拐刃 Prime 刀刃,35,40,40
hunters_bonesaw,猎人骨锯,4,8,8
sancti_castanas,圣洁·雷爆信镖,30,40,40
karyst_prime_blueprint,凯洛斯特 Prime 蓝图,5,6,6
synoid_heliocor,枢议·赫利俄光锤,30,32,39
kavasa_prime_band,喀婆萨 Prime 项圈带,6,7,8
laser_sight,雷射瞄具,5,5,5
acceltra_prime_set,迅发电浆炮 Prime 一套,40,40,40
link_fiber,链接纤维,5,5,6
bullet_dance,刀锋弹舞,34,40,40
link_redirection,链接蓄能,5,5,5
dizzying_rounds,晕眩弹药,20,30,39
mandonel_receiver,辐光弩炮 枪机,5,9,10
ivara_prime_chassis_blueprint,Ivara Prime 机体 蓝图,38,40,62
onorix_set,奥努里克斯 一套,35,60,65
maul,捶击,3,5,5
sancti_tigris,圣洁·猛虎,34,34,40
melee_guidance,近战指引,5,7,8
astilla_prime_set,碎裂者 Prime 一套,40,40,40
melee_influence,近战·侵染,4,5,5
epitaph_prime_receiver,葬铭 Prime 枪机,40,40,40
meteor_crash,流星撞击,5,5,5
nami_skyla_prime_blade,海波斯库拉对剑 Prime 刀刃,30,30,35
molt_augmented,蜕化·升腾,5,5,5
ambassador_set,使节 一套,39,40,40
nagantaka_prime_stock,噬蛇弩 Prime 枪托,4,4,5
nekros_prime_systems_blueprint,Nekros Prime 系统 蓝图,33,35,35
nebula_bore,星云钻孔,5,10,14
rakta_dark_dagger,绯红·暗黑匕首,30,35,35
nidus_prime_blueprint,Nidus Prime 蓝图,5,5,6
voidrig_weapon_pod,虚空锐将 武器舱,30,40,40
octavia_prime_neuroptics_blueprint,Octavia Prime 头部神经光元 蓝图,3,5,8
aeolak_receiver_blueprint,风鸣 枪机 蓝图,40,40,50
out_of_sight,视野之外,5,5,5
corvas_prime_set,黑鸦 Prime 一套,36,37,38
pangolin_prime_blade,鲮鲤剑 Prime 刀刃,5,5,5
dethcube_prime_cerebrum,死亡魔方 Prime 头部,43,69,70
panthera_prime_blueprint,猎豹 Prime 蓝图,5,5,5
prisma_dual_cleavers,棱晶·斩肉双刀,38,40,40
panthera_prime_stock,猎豹 Prime 枪托,5,8,8
sancti_magistar,圣洁·执法者,30,35,36
parallax_engines_blueprint,星察引擎 蓝图,4,5,5
sybaris_prime_barrel,席芭莉丝 Prime 枪管,29,38,39
pathogen_rounds,病原弹头,4,5,5
synoid_simulor,枢议·重力奇点拟成枪,25,30,39
perigale_set,月面狂风 一套,5,5,5
latron_wraith_stock,拉特昂·亡魂 枪托,20
pistol_elementalist,手枪元素师,4,5,8
primed_cleanse_corpus,净化 Corpus Prime,25,35,40
pistol_pestilence,瘟疫手枪,5,5,5
secura_dual_cestra,保障·锡斯特双枪,40,40,50
pointed_wind,尖锐之风,6,7,8
growing_power,成长之力,35,35,35
primary_exhilarate,主要·激昂,4,7,45
vome_invocation,Vome 神祈,33,35,38
protea_prime_neuroptics_blueprint,Protea Prime 头部神经光元 蓝图,3,4,5
boar_prime_barrel,野猪 Prime 枪管,28,30,32
rage,狂暴化,6,8,8
bane_of_corrupted,灭亡 Orokin
corvas_set,黑鸦 一套,40,40
rhino_prime_chassis_blueprint,Rhino Prime 机体 蓝图,5,5,5
rhino_prime_systems_blueprint,Rhino Prime 系统 蓝图,5,8,8
destreza_prime_set,技巧之剑 Prime 一套,39,40,40
exodia_brave,神威·勇武,10,99,150
rifle_ammo_mutation,步枪弹药转换,4,5,5
mortal_conduct,垂死挣扎,15
rubico_prime_receiver,绝路 Prime 枪机,6,8,9
rail_guards,护轨器,10,25,88
rauta_receiver,锐铁 枪机,30
saryn_prime_systems_blueprint,Saryn Prime 系统 蓝图,5,5,6
red_veil_temple_simulacrum,血色面纱神庙幻影装置,40,100
seeker,弹头导引,5,5,5
volt_prime_neuroptics_blueprint,Volt Prime 头部神经光元 蓝图,33,40,40
self_destruct,自爆,3,5,5
wyrm_prime_systems,蛟龙 Prime 系统,40,40,45
semi_pistol_cannonade,半自动手枪炮轰,5,5,5
inertia_dampeners,惯性减震,14,15,25
shepherd,牧羊人,6,8,8
panzer_vulpaphyla_imprint,铁甲狐帕菲拉 基因印记,30,50,120
shotgun_riven_mod_(veiled),霰弹枪裂罅 Mod （尚未揭开）,5,5,6
equinox_prime_systems_blueprint,Equinox Prime 系统 蓝图,30,50,59
spira_prime_blueprint,旋刃飞刀 Prime 蓝图,4,5,5
aeolak_stock_blueprint,风鸣 枪托 蓝图,36,45,60
spring_loaded_chamber,簧压膛室,6,8,8
necramech_rage,殁世机甲 狂暴化,15,18,20
stalk,隐密追踪,5,8,55
octavia_prime_blueprint,Octavia Prime 蓝图,31,32,33
stropha_blade,诡计之刃 刀刃,5,5,5
rauta_barrel,锐铁 枪管,30
strun_prime_stock,斯特朗 Prime 枪托,7,7,8
sicarus_prime_set,暗杀者 Prime 一套,25,25,30
sybaris_prime_blueprint,席芭莉丝 Prime 蓝图,4,5,10
synoid_gammacor,枢议·咖玛腕甲枪,30,30,30
tiberon_prime_receiver,狂鲨 Prime 枪机,9,10,10
telos_boltace,终极·螺钉拐刃,45,50,60
tigris_prime_stock,猛虎 Prime 枪托,4,4,5
akjagara_prime_barrel,觉醒双枪 Prime 枪管,25,25,28
toxic_barrage,毒素弹幕,4,5,5
ballista_measure,弩炮测距,20,30,40
twirling_spire,回转尖峰,7,10,10
ninkondi_prime_handle,降灵追猎者 Prime 握柄,30,40,50
vasto_prime_blueprint,瓦斯托 Prime 蓝图,5,5,5
rubico_prime_blueprint,绝路 Prime 蓝图,29,38,39
vasto_prime_receiver,瓦斯托 Prime 枪机,8,10,10
spira_prime_pouch,旋刃飞刀 Prime 镖袋,34,34,39
vigor,活力,5,5,9
telos_akbolto,终极·螺钉双枪,30,45,60
virtuos_fury,正直·狂怒,8,8,10
thundermiter,雷电米特尔
wukong_prime_neuroptics_blueprint,Wukong Prime 头部神经光元 蓝图,7,7,8
tipedo_prime_handle,提佩多 Prime 握柄,40,49,70
akarius_prime_barrel,阿利乌双枪 Prime 枪管,5,7,8
peculiar_audience,观众怪奇,25,35,40
akimbo_slip_shot,双枪·滑射,5,5,15
protea_prime_chassis_blueprint,Protea Prime 机体 蓝图,30,39,39
amars_hatred,欺谋狼主之恨,5,5,5
primed_charged_shell,充电弹头 Prime,39,40,40
ammo_stock,霰弹扩充,5,5,5
rakta_cernos,绯红·西诺斯,39,50,75
arcane_eruption,赋能·爆发,5,5,5
aero_agility,空飞 灵巧,9,45,99
arcane_power_ramp,赋能·力升,5,5,8
bonewidow_weapon_pod,骨骸寡妇 武器舱,25
galatine_prime_blueprint,迦伦提恩 Prime 蓝图,30,30,30
arcane_strike,赋能·速攻,5,5,5
arcane_tanker,赋能·坦克,4,5,6
nagantaka_prime_set,噬蛇弩 Prime 一套,30,35,35
pyrana_prime_blueprint,食人鱼 Prime 蓝图,10,30,30
barrel_diffusion,弹头扩散,2,4,4
blackout_pulse,熄扰脉冲,6,10,10
scindo_prime_set,分裂斩斧 Prime 一套,30,30,40
seismic_bond,震撼连结,20,20,29
blood_for_life,血易生命,3,5,5
sheev_set,希芙 一套,30,48,48
carrier_prime_systems,搬运者 Prime 系统,6,6,7
catalyzer_link,触媒连动,4,5,5
wyrm_prime_cerebrum,蛟龙 Prime 头部,20,20,20
coolant_leak,冷却液外泄,3,5,8
elytron_set,鞘翅 一套,70,120
crash_course,连续冲击,5,5,5
latron_prime_blueprint,拉特昂 Prime 蓝图,45,49,49
static_alacrity,活泼静电
creeping_bullseye,匍匐靶心,5,6,7
stradavar_prime_set,斯特拉迪瓦 Prime 一套,29,36,37
dual_keres_prime_blade,凯瑞斯双刀 Prime 刀刃,4,5,5
volnus_prime_set,创伤 Prime 一套,25,30,34
equilibrium_audit,均衡审计,5,5,5
aksomati_prime_link,轻灵月神双枪 Prime 连接器,40,40,58
equinox_prime_neuroptics_blueprint,Equinox Prime 头部神经光元 蓝图,5,6,6
crescent_vulpaphyla_imprint,月刃狐帕菲拉 基因印记,200
euphona_prime_barrel,悦音 Prime 枪管,5,5,5
gunsen_prime_set,军扇 Prime 一套,25,29,32
firestorm,烈焰风暴,3,4,5
gladiator_finesse,角斗士 灵巧,5,5,5
magus_husk,魔导·外壳,5,8,8
guandao_prime_blueprint,关刀 Prime 蓝图,4,4,5
pandero_prime_set,手鼓 Prime 一套,30,30,35
harrow_prime_chassis_blueprint,Harrow Prime 机体 蓝图,6,8,8
prism_guard,棱镜护卫,30,30,33
harrow_prime_neuroptics_blueprint,Harrow Prime 头部神经光元 蓝图,5,5,6
rakta_ballistica,绯红·布里斯提卡,40,54,60
hastened_deflection,急速偏斜,5,5,6
ash_prime_systems_blueprint,Ash Prime 系统 蓝图,30,30,30
helios_prime_blueprint,赫利俄斯 Prime 蓝图,1,5,5
khora_prime_neuroptics_blueprint,Khora Prime 头部神经光元 蓝图,35,35,35
helios_prime_carapace,赫利俄斯 Prime 外壳,4,5,5
nautilus_prime_blueprint,鹦鹉螺 Prime 蓝图,25,28,29
hunter_command,猎人 命令,4,4,4
destreza_prime_blade,技巧之剑 Prime 刀刃,19,23,29
inaros_prime_chassis_blueprint,Inaros Prime 机体 蓝图,4,4,4
ember_prime_blueprint,Ember Prime 蓝图,35,38,39
lethal_momentum,致命动量,5,5,5
titania_prime_systems_blueprint,Titania Prime 系统 蓝图,49,49,50
lex_prime_set,雷克斯 Prime 一套,2,5,5
banshee_prime_chassis_blueprint,Banshee Prime 机体 蓝图,29,49,50
magnus_prime_blueprint,麦格努斯 Prime 蓝图,5,5,5
gram_prime_set,格拉姆 Prime 一套,25,30,34
magus_cloud,魔导·游云,4,5,5
inaros_prime_neuroptics_blueprint,Inaros Prime 头部神经光元 蓝图,39,40,40
mandonel_stock,辐光弩炮 枪托,5,5,6
karak_wraith_stock,卡拉克·亡魂 枪托,20,20,50
kavats_grace,库娃的优雅,25,35,135
melee_animosity,近战·憎恶,5,5,8
oberon_prime_neuroptics_blueprint,Oberon Prime 头部神经光元 蓝图,35,40,43
melee_exposure,近战·暴露,5,5,5
scourge_prime_barrel,祸根 Prime 枪管,1,24,24
mirage_prime_neuroptics_blueprint,Mirage Prime 头部神经光元 蓝图,4,4,5
silva_and_aegis_prime_guard,席瓦 & 神盾 Prime 护手,25,30,30
molt_efficiency,蜕化·效能,5,5,5
phantasma_prime_set,幻离子 Prime 一套,25,29,30
necramech_stretch,殁世机甲 延伸,5,5,5
vaykor_hek,勇气·海克,20,30,35
odonata_prime_blueprint,陨蜓 Prime 蓝图,5,7,7
augur_secrets,预言 神密,28,28,29
odonata_prime_systems_blueprint,陨蜓 Prime 系统 蓝图,5,5,5
odonata_prime_wings_blueprint,陨蜓 Prime 机翼 蓝图,25,28,30
pandero_prime_blueprint,手鼓 Prime 蓝图,4,4,4
phantasma_prime_receiver,幻离子 Prime 枪机,2,4,5
rime_rounds,白霜弹头,30,32,34
pistol_ammo_mutation,手枪弹药转换,5,5,5
tekko_prime_blade,铁钩手甲 Prime 刀刃,40,40,40
pistol_amp,手枪增幅,3,4,5
cernos_prime_lower_limb,西诺斯 Prime 下弓臂,26,29,29
corufell_set,闪劫 一套,50,100
power_drift,力量窜升,5,5,5
fabrica_anatomica_scene,解剖构造场景,20,49
harrows_temple_scene,Harrow 神庙场景
primary_obstruct,主要·滞阻,7,8,50
hydraulic_chamber,液压枪膛
proboscis,长吻,9,10,10
kavasa_prime_buckle,喀婆萨 Prime 项圈扣,15,20,64
rift_strike,裂缝打击,5,6,10
odomedic,气息疗愈,50
savagery,野蛮压制,4,5,5
sly_devolution,狡黠回溯,50
seeking_force,穿透力,3,4,5
tactical_retreat,战术性撤退,8,8,8
shelter,庇护,2,4,5
vaykor_sydon,勇气·恶龙,25,34,45
silva_and_aegis_prime_blueprint,席瓦 & 神盾 Prime 蓝图,6,10,10
arum_spinosa_guard,疆南星刺 护手
smite_infested,毁灭 Infested,5,6,10
covert_bond,隐蔽连结,20,20,25
smite_the_murmur,毁灭低语者,5,5,5
kavasa_prime_kubrow_collar_set,喀婆萨 Prime 库狛项圈 一套,29,30,38
soma_prime_blueprint,月神 Prime 蓝图,5,6,6
pangolin_prime_set,鲮鲤剑 Prime 一套,28,29,30
sovereign_outcast,至尊浪人,5,8,8
peculiar_bloom,花开怪奇,20,30,30
stradavar_prime_receiver,斯特拉迪瓦 Prime 枪机,4,5,5
synth_charge,合成 充能,8,10,12
primed_cleanse_corrupted,净化 Orokin Prime,29,34,35
tek_gravity,技法 引力,8,10,10
strun_wraith_receiver,斯特朗·亡魂 枪机,23,23,25
theorem_infection,定理·感染,4,4,5
duplex_bond,双影连结,24,25,25
vectis_prime_blueprint,守望者 Prime 蓝图,3,5,5
wolf_sledge_motor,恶狼战锤马达,29,30,49
venka_prime_blades,凯旋之爪 Prime 爪刃,4,4,6
dual_rounds,双重弹头,29,30,30
venomous_clip,恶毒弹匣,5,10,10
knell_prime_set,丧钟 Prime 一套,25,26,26
vigilante_pursuit,私法 追踪,4,5,5
vasto_prime_set,瓦斯托 Prime 一套,20,24,25
acceltra_prime_receiver,迅发电浆炮 Prime 枪机,5,6,7
archon_stretch,执刑官 延伸,22,25,25
amars_anguish,欺谋狼主之苦,5,5,5
contagious_bond,传染连结,24,25,30
eidolon_madurai_lens,夜灵 Mardurai 晶体,25,25,30
arcane_primary_charger,赋能·主武充能,4,4,6
ordnance_velocity,火炮速度,49,50,60
arcane_pulse,赋能·生机,3,3,4
trail_blazer,轨上燃焰,19,25,60
arum_spinosa_blueprint,疆南星刺 蓝图,8,8,10
zakti_prime_set,毒芽 Prime 一套,30,30,30
astilla_prime_receiver,碎裂者 Prime 枪机,8,8,8
archon_intensify,执刑官 聚精会神,25,27,27
bane_of_the_murmur,灭亡低语者,4,5,5
exodia_valor,神威·勇猛,18,149
boltor_prime_stock,螺钉步枪 Prime 枪托,8,9,10
loki_prime_chassis_blueprint,Loki Prime 机体 蓝图,23,25,25
dethcube_prime_systems,死亡魔方 Prime 系统,4,5,5
melee_duplicate,近战·刃影,22,24,24
dual_kamas_prime_blueprint,双短柄战镰 Prime 蓝图,5,5,5
mesa_prime_neuroptics_blueprint,Mesa Prime 头部神经光元 蓝图,25,29,30
dual_keres_prime_handle,凯瑞斯双刀 Prime 握柄,4,4,4
oberon_prime_systems_blueprint,Oberon Prime 系统 蓝图,22,28,29
transfusion,血注,14
fang_prime_blade,狼牙 Prime 刀刃,2,2,2
fire_suppression,火势抑制,3,5,5
vaykor_marelok,勇气·玛瑞火枪,29,40,45
focus_energy,聚焦能量,7,7,9
karyst_prime_set,凯洛斯特 Prime 一套,25,26,26
furax_wraith_blueprint,弗拉克斯·亡魂 蓝图,5,5,9
nidus_prime_chassis_blueprint,Nidus Prime 机体 蓝图,24,25,30
galatine_prime_blade,迦伦提恩 Prime 刀刃,4,5,5
sly_vulpaphyla_imprint,狡黠狐帕菲拉 基因印记,10,170
gauss_prime_chassis_blueprint,Gauss Prime 机体 蓝图,3,4,5
strain_eruption,菌株 爆裂,89,100,120
glacial_edge,冰冷刃缘,4,4,4
baruuk_prime_set,Baruuk Prime 一套,30,35,35
gorgon_wraith_barrel,蛇发女妖·亡魂 枪管,4,5,6
glaive_prime_blueprint,战刃 Prime 蓝图,24,24,24
hunter_adrenaline,猎人 肾上腺素,3,4,4
mending_shot,补愈射击,25,30,50
khora_prime_chassis_blueprint,Khora Prime 机体 蓝图,3,3,4
peculiar_growth,生长怪奇,25,30,30
kogake_prime_blueprint,科加基 Prime 蓝图,7,9,9
restorative_bond,恢复连结,20,20,20
lightning_dash,电光冲刺,5,5,5
vigilante_supplies,私法 补给,24,25,25
magus_nourish,魔导·滋养,5,5,5
nitro_boost,氮气喷射,15,20,25
morphic_transformer,非晶变压器,5,5,5
sacrifice,牺牲,25,29,30
nagantaka_prime_barrel,噬蛇弩 Prime 枪管,5,5,5
final_act,搏命反扑,14
narrow_barrel,狭窄枪膛,4,4,5
latron_wraith_receiver,拉特昂·亡魂 枪机
momentous_bond,重大连结,19,20,20
necramech_reach,殁世机甲 剑风,4,4,5
mystic_bond,神秘连结,20,25,29
nezha_prime_systems_blueprint,Nezha Prime 系统 蓝图,4,6,6
vectis_prime_stock,守望者 Prime 枪托,11,17,20
overloader,超量载弹,3,3,10
akbolto_prime_receiver,螺钉双枪 Prime 枪机,20,21,22
phoenix_blaze,凤凰烈焰,3,3,5
redeemer_prime_blade,救赎者 Prime 刀刃,4,5,5
akstiletto_prime_receiver,史提托双枪 Prime 枪机,19,19,20
draining_bite,吸血噬咬,30,45
repeater_clip,转轮弹匣,4,9,9
resolute_focus,坚决专注,4,5,5
piercing_caliber,穿甲口径,25,30,35
scindo_prime_blueprint,分裂斩斧 Prime 蓝图,4,9,10
primed_ravage,破灭 Prime,20,35,35
snipetron_vandal_stock,狙击特昂·破坏者 枪托,15,15
shatter_burst,碎裂爆破,4,4,4
silent_battery,寂静炮组,4,6,10
sonic_boost,声波提升,25
sudden_impact,瞬间冲击,2,5,10
telos_boltor,终极·螺钉步枪,30,33,34
tenora_prime_blueprint,双簧管 Prime 蓝图,2,3,4
twin_vipers_wraith_receivers,双子蝰蛇·亡魂 枪机,15,20,29
clip_delegation,弹能过继,30,30,30
tigris_prime_barrel,猛虎 Prime 枪管,4,4,4
expel_corrupted,驱逐 Orokin,24,38,40
vacuum,吸取,4,4,10
necramech_repair,殁世机甲 修复,23,25,25
vengeful_revenant,复仇亡灵,4,5,5
stropha_set,诡计之刃 一套,20,20,20
venka_prime_blueprint,凯旋之爪 Prime 蓝图,5,5,5
tandem_bond,串联连结,20,22,25
vigilante_armaments,私法 军备,8,9,10
the_cold_below_scene,幽寒归处场景,9,12
wisp_prime_neuroptics_blueprint,Wisp Prime 头部神经光元 蓝图,4,4,5
archon_flow,执刑官 川流不息,20,20,25
zenurik_lens,Zenurik 晶体,4,5,5
soaring_strike,上升打击
banshee_prime_systems_blueprint,Banshee Prime 系统 蓝图,23,23,25
zhuge_prime_grip,诸葛连弩 Prime 弓身,5,5,5
eidolon_naramon_lens,夜灵 Naramon 晶体,15,20,24
aero_vantage,空飞 俯瞰,3,4,4
eidolon_vazarin_lens,夜灵 Vazarin 晶体,20,25,29
eidolon_zenurik_lens,夜灵 Zenurik 晶体,24,30,30
aksomati_prime_blueprint,轻灵月神双枪 Prime 蓝图,3,3,4
khora_prime_blueprint,Khora Prime 蓝图,23,24,25
aksomati_prime_receiver,轻灵月神双枪 Prime 枪机,7,10,10
smeeta_kavat_imprint,笑面型库娃 基因印记,24,25,25
amars_contempt,欺谋狼主之鄙,4,4,5
aerial_ace,空中制霸,15,30,30
ammo_chain,弹链,4,5,5
akmagnus_prime_blueprint,麦格努斯双枪 Prime 蓝图,30,40,45
ankyros_prime_blueprint,甲龙双拳 Prime 蓝图,8,9,10
archon_continuity,执刑官 持久力,20,24,25
antitoxin,毒抗,4,4,4
arcane_arachne,赋能·蜘蛛,4,5,5
archon_vitality,执刑官 生命力,24,25,25
exodia_might,神威·力量,15,75,144
arcane_rage,赋能·愤怒,4,4,5
magnus_prime_barrel,麦格努斯 Prime 枪管,26,29,29
argon_scope,氩晶瞄具,4,4,5
volt_prime_blueprint,Volt Prime 蓝图,28,28,29
astilla_prime_blueprint,碎裂者 Prime 蓝图,5,5,10
bhisaj_bal,治愈羽箭,25,29,39
banshee_prime_blueprint,Banshee Prime 蓝图,5,5,5
glaive_prime_blade,战刃 Prime 刀刃,23,24,25
baruuk_prime_systems_blueprint,Baruuk Prime 系统 蓝图,4,4,5
nekros_prime_neuroptics_blueprint,Nekros Prime 头部神经光元 蓝图,22,22,23
nikana_prime_blade,侍刃 Prime 刀刃,15,18,20
berserker_fury,嗜血 狂暴,6,7,7
viral_quills,疫病尖刺,18,20,139
boltor_prime_receiver,螺钉步枪 Prime 枪机,3,5,8
weeping_wounds,创口溃烂,20,24,24
boreals_anguish,诡文枭主之苦,4,4,4
conductive_blade,通电刀刃,2,4,4
hildryn_prime_set,Hildryn Prime 一套,17,20,20
steflos_set,石晶之花 一套
deep_freeze,深层冷冻,5,5,5
jugulus_carapace,喉骨刃者 壳甲,19,21,24
destreza_prime_blueprint,技巧之剑 Prime 蓝图,1,4,5
nekros_prime_blueprint,Nekros Prime 蓝图,27,29,30
wolf_sledge_blueprint,恶狼战锤 蓝图,25,30,35
dethcube_prime_carapace,死亡魔方 Prime 外壳,3,3,4
catalyzing_shields,催化护盾,20,30,35
equinox_prime_chassis_blueprint,Equinox Prime 机体 蓝图,3,4,4
chroma_prime_neuroptics_blueprint,Chroma Prime 头部神经光元 蓝图,13,20,25
ferocity,凶恶终结,3,5,8
cleanse_corrupted,净化 Orokin,25,61,80
flow_burn,热流涌动,4,4,5
dantes_retreat_scene,Dante 的隐居处场景,10,49
forward_artillery,前装光能炮,4,5,5
extreme_velocity,极限加速,15,25
furor,狂怒,2,4,5
kill_switch,屠戮换弹,34
galatine_prime_handle,迦伦提恩 Prime 握柄,4,5,6
manifold_bond,多种连结,20,20,24
nautilus_prime_systems,鹦鹉螺 Prime 系统,23,25,25
gara_prime_systems_blueprint,Gara Prime 系统 蓝图,3,5,5
necramech_refuel,殁世机甲 燃料补给,10,14,14
garuda_prime_chassis_blueprint,Garuda Prime 机体 蓝图,5,5,5
nezha_prime_chassis_blueprint,Nezha Prime 机体 蓝图,23,25,28
pharaoh_predasite_imprint,法老扑猎达赛 基因印记,20,40,180
gauss_prime_neuroptics_blueprint,Gauss Prime 头部神经光元 蓝图,4,5,5
quellor_blueprint,压制者 蓝图,20,20,25
gladiator_aegis,角斗士 圣盾,4,4,5
strain_infection,菌株 感染,18,18,19
gladiator_rush,角斗士 猛突,4,4,5
swing_line,摆荡钩索,14,25,25
gorgon_wraith_blueprint,蛇发女妖·亡魂 蓝图,4,5,9
vauban_prime_chassis_blueprint,Vauban Prime 机体 蓝图,24,25,25
gram_prime_blade,格拉姆 Prime 刀刃,4,4,5
velox_prime_set,逐电 Prime 一套,20,23,23
hikou_prime_blueprint,飞扬 Prime 蓝图,4,5,5
vicious_bond,凶恶连结,20,20,23
homing_fang,连牙追袭,2,4,4
zazvat_kar,无尽弹雨,19,30,39
hunter_recovery,猎人 复元,4,5,5
astilla_prime_barrel,碎裂者 Prime 枪管,18,19,24
hunter_synergy,猎人 协力,4,4,5
bo_prime_ornament,玻之武杖 Prime 饰物,19,25,27
kronen_prime_blueprint,皇家拐刃 Prime 蓝图,3,3,4
boar_prime_receiver,野猪 Prime 枪机,13,18,19
madurai_lens,Madurai 晶体,5,5,5
corvas_prime_barrel,黑鸦 Prime 枪管,18,20,22
magus_aggress,魔导·侵略,4,5,5
dethcube_prime_blueprint,死亡魔方 Prime 蓝图,14,22,25
maiming_strike,致残突击,3,3,4
dorma_hound_blueprint,铎玛猎犬 蓝图,29,50
mandonel_barrel,辐光弩炮 枪管,5,5,6
grendel_neuroptics_locator,Grendel 头部神经光元定位装置,17,20
hata_satya,真实击杀,20,20,27
mantis_avionics_blueprint,Mantis 飞航系统 蓝图,3,3,4
hysterical_assault,狂化突击,25,40,40
masters_edge,宗师锐势,5,5,5
latron_prime_receiver,拉特昂 Prime 枪机,18,29,30
melee_afflictions,Melee Afflictions,3,4,4
sequence_burn,延烧数列,7,25,25
motus_setup,跃动 设局,5,5,5
spectra_vandal_handle,光谱切割器·破坏者 握柄,18,18,20
necramech_blitz,殁世机甲 闪击,5,5,10
spira_prime_blade,旋刃飞刀 Prime 刀刃,20,35,40
tempo_royale,皇家节奏,15,19,19
nezha_prime_blueprint,Nezha Prime 蓝图,5,5,5
venerdo_hoverdrive,启明物悬浮驱动,25,95
ninkondi_prime_blueprint,降灵追猎者 Prime 蓝图,5,6,6
vermillion_storm,朱红暴风,15,15,24
okina_prime_handle,翁 Prime 握柄,4,6,7
voidrig_capsule,虚空锐将 机舱,22,24,25
orgone_tuning_matrix,能量调谐矩阵,4,4,5
voidrig_casing,虚空锐将 外壳,18,22,24
parallax_avionics_blueprint,星察飞航系统 蓝图,4,5,5
volnus_prime_handle,创伤 Prime 握柄,25,25,25
parallax_fuselage_blueprint,星察机身 蓝图,9,10,10
zakti_prime_blueprint,毒芽 Prime 蓝图,15,19,20
proton_snap,质子 猛扑,4,4,4
boar_prime_blueprint,野猪 Prime 蓝图,19,20,25
quick_thinking,随机应变,4,5,5
cedo_set,塞多 一套,19,20,20
rapid_resilience,极速复元,3,3,4
grendel_prime_systems_blueprint,Grendel Prime 系统 蓝图,15,19,20
redeemer_prime_blueprint,救赎者 Prime 蓝图,3,3,3
hydroid_prime_neuroptics_blueprint,Hydroid Prime 头部神经光元 蓝图,15,15,15
residual_malodor,残差·恶嗅,3,5,5
latron_prime_stock,拉特昂 Prime 枪托,50,50,60
nautilus_blueprint,鹦鹉螺 蓝图,15,15,15
residual_shock,残差·电击,6,6,7
oull,Oull,20,25,25
revenant_prime_systems_blueprint,Revenant Prime 系统 蓝图,3,4,4
pandero_prime_receiver,手鼓 Prime 枪机,18,18,20
scavenge,搜集,3,4,6
pop_top,瞬满,25,64
scourge_prime_handle,祸根 Prime 握柄,5,5,7
quick_escape,迅逃夭,25,30
shimmering_blight,飞光荒疫,5,5,5
reinforced_bond,强固连结,18,20,20
snipetron_vandal_barrel,狙击特昂·破坏者 枪管,20,20
sicarus_prime_blueprint,暗杀者 Prime 蓝图,3,4,5
slicing_feathers,割裂羽翼,3,4,4
soma_prime_receiver,月神 Prime 枪机,15,20,25
spectra_vandal_barrel,光谱切割器·破坏者 枪管,15,18,20
spoiled_strike,腐坏打击,3,4,5
stropha_barrel,诡计之刃 枪管,5,9,10
tek_assault,技法 猛袭,20,30,30
strun_prime_receiver,斯特朗 Prime 枪机,4,4,4
tigris_prime_blueprint,猛虎 Prime 蓝图,19,20,20
voidrig_engine,虚空锐将 引擎,20,20,20
theorem_demulcent,定理·缓和,5,15,25
tipedo_prime_blueprint,提佩多 Prime 蓝图,3,3,3
wyrm_prime_carapace,蛟龙 Prime 外壳,20,20,39
tranquil_cleave,秋风落叶,4,4,5
aerial_bond,空中连结,20,20,24
unleashed,释放,3,5,5
akmagnus_prime_link,麦格努斯双枪 Prime 连接器,23,24,25
virtuos_null,正直·空无,5,8,12
athodai_barrel,阿索代 枪管,10,17,18
frost_prime_chassis_blueprint,Frost Prime 机体 蓝图,15,17,20
virulent_scourge,剧毒灾害,4,5,5
grendel_chassis_locator,Grendel 机体定位装置,17,18,20
vital_sense,弱点感应,4,4,5
grendel_systems_locator,Grendel 系统定位装置,17,20
volnus_prime_head,创伤 Prime 锤头,5,5,5
knell_prime_barrel,丧钟 Prime 枪管,19,20,28
waveband_disruptor,波段干扰,3,5,5
loot_detector,战利品探测器,15,20,20
zephyr_prime_neuroptics_blueprint,Zephyr Prime 头部神经光元 蓝图,4,4,5
mag_prime_systems_blueprint,Mag Prime 系统 蓝图,20,20,24
arcane_bodyguard,赋能·卫士,4,5,10
mesa_prime_systems_blueprint,Mesa Prime 系统 蓝图,19,20,20
nezha_prime_neuroptics_blueprint,Nezha Prime 头部神经光元 蓝图,19,20,20
arcane_ice_storm,赋能·冰暴,2,4,5
pennant_blueprint,尖幡 蓝图,12,18,20
arcane_resistance,赋能·抗毒,4,5,5
saryn_prime_blueprint,Saryn Prime 蓝图,20,25,25
astilla_prime_stock,碎裂者 Prime 枪托,5,6,9
tenora_prime_receiver,双簧管 Prime 枪机,19,20,20
atlas_prime_systems_blueprint,Atlas Prime 系统 蓝图,4,4,5
astral_bond,星界连结,20,20,20
augur_message,预言 启示,5,5,5
brief_respite,快速休整,18,18,19
augur_pact,预言 契约,2,4,4
dera_vandal_stock,德拉·破坏者 枪托,30
bane_of_infested,灭亡 Infested,2,4,4
scimitar_set,Scimitar 一套,19,19,19
baza_prime_receiver,苍鹰 Prime 枪机,5,5,5
broken_war_set,破碎的战争之剑 一套,4,5,5
secondary_outburst,次要·爆发,15,18,18
brutal_tide,残暴浪潮,4,4,4
ballistica_prime_blueprint,布里斯提卡 Prime 蓝图,15,15,16
cernos_prime_blueprint,西诺斯 Prime 蓝图,4,4,4
ember_prime_neuroptics_blueprint,Ember Prime 头部神经光元 蓝图,17,17,20
enemy_radar,侦敌雷达,14,14,18
continuity,持久力,3,4,4
corvas_prime_blueprint,黑鸦 Prime 蓝图,2,3,3
fulmin_prime_set,雷霆 Prime 一套,20,20,22
karak_wraith_barrel,卡拉克·亡魂 枪管,20,20,20
crowd_dispersion,人群驱散,3,4,4
loki_prime_neuroptics_blueprint,Loki Prime 头部神经光元 蓝图,16,17,19
defiled_snapdragon,积秽骁龙,3,4,4
necramech_augur,殁世机甲 预言,15,15,19
disruptor,冲击干扰,2,5,10
photon_repeater,光子续能器,18,19,20
enduring_affliction,长时苦难,2,3,4
primo_flair,顶级花式,18,18,25
expel_corpus,驱逐 Corpus,4,5,5
shock_collar,电击项圈,20,20,20
flailing_branch,多流抽击,4,4,4
smite_corrupted,毁灭 Orokin,20,50
full_contact,全面接触,3,4,5
strun_prime_blueprint,斯特朗 Prime 蓝图,30,35,37
gladiator_resolve,角斗士 决心,3,5,5
strun_wraith_stock,斯特朗·亡魂 枪托,16,25,29
sudden_justice,骤然正义,10,15,35
gorgon_wraith_stock,蛇发女妖·亡魂 枪托,3,5,5
tidal_impunity,潮汐涌净,14,18,24
khora_prime_systems_blueprint,Khora Prime 系统 蓝图,3,3,3
athodai_receiver,阿索代 枪机,18,19,19
knell_prime_receiver,丧钟 Prime 枪机,4,4,5
bonewidow_capsule,骨骸寡妇 机舱,20,50,50
lingering_torment,恒久折磨,4,5,7
cautious_shot,谨慎射击,20,25,35
magus_elevate,魔导·振奋,5,5,6
harrow_prime_systems_blueprint,Harrow Prime 系统 蓝图,30,30,30
mantis_engines_blueprint,Mantis 引擎 蓝图,3,4,4
holster_amp,切换增幅,13,15,18
modified_munitions,弹药改良,4,5,5
hystrix_prime_set,豪猪 Prime 一套,15,15,18
necramech_redirection,殁世机甲 蓄能重划,4,5,5
parry,招架,5,6,10
lethal_torrent,致命洪流,19,20,20
perpetual_agony,永恒苦痛,2,3,5
melee_crescendo,近战·渐强,18,20,20
polar_magazine,极地弹仓,5,5,5
panthera_prime_receiver,猎豹 Prime 枪机,15,15,18
precision_intensify,集中 聚精会神,5,6,7
preparation,有备而来,16,19,19
protective_shots,防护射击,4,15,15
rauta_stock,锐铁 枪托,30
speed_drift,速度窜升,15,19,19
pummel,强力猛击,3,4,5
synth_deconstruct,合成 解构,30,30,35
quickdraw,持续火力,2,5,10
vauban_prime_blueprint,Vauban Prime 蓝图,16,20,20
quicklock,快速锁定,2,3,5
rebound,弹跳,2,3,4
aerodynamic,空气动力,18,20,20
residual_viremia,残差·毒血,3,5,25
archgun_riven_mod_(veiled),曲翼枪械裂罅 Mod （尚未揭开）,15,24,24
revenant_prime_neuroptics_blueprint,Revenant Prime 头部神经光元 蓝图,4,4,5
critical_focus,关键焦点,19,20,20
eidolon_unairu_lens,夜灵 Unairu 晶体,24,25,50
saxum_thorax,重岩者 胸腔,4,5,5
gram_prime_handle,格拉姆 Prime 握柄,19,20,25
section_density,截面密度,3,3,3
shotgun_ammo_mutation,霰弹枪弹药转换,3,4,4
larkspur_prime_set,翠雀 Prime 一套,15,18,20
prolonged_paralysis,长时瘫痪,24,25,25
soft_hands,精湛快手,3,4,4
ruinous_extension,毁灭扩展,12,15,15
sporothrix_blueprint,孢丝感染枪 蓝图,5,5,5
spry_sights,迅敏视觉,2,3,5
acceltra_prime_stock,迅发电浆炮 Prime 枪托,19,20,20
stabilizer,稳定,4,4,5
akvasto_prime_link,瓦斯托双枪 Prime 连接器,19,20,20
streamlined_form,流线外形,3,3,3
infectious_injection,传染性注射,15,15,15
stropha_receiver,诡计之刃 枪机,4,4,5
revenant_prime_blueprint,Revenant Prime 蓝图,16,19,19
sure_shot,准确射手,3,5,5
spectra_vandal_chassis,光谱切割器·破坏者 机体,19,20,20
tactical_reload,机动装填,4,4,4
tenacious_bond,坚韧连结,18,18,20
tek_collateral,技法 连带,4,4,4
tiberon_prime_stock,狂鲨 Prime 枪托,15,20,30
terminal_velocity,极限速度,2,2,3
ash_prime_blueprint,Ash Prime 蓝图,18,18,20
thumper,重击者,2,9,10
dakra_prime_blade,达克拉 Prime 刀刃,14,14,15
toxin_resistance,毒素抵抗,5,5,7
guandao_prime_handle,关刀 Prime 握柄,19,20,20
trick_mag,戏法增幅,2,10,10
balefire_surge,野火涌流,13,18,20
twitch,迅速抽换,4,4,4
carmine_penta_receiver,嫣红·潘塔 枪机,13,15,19
valkyr_prime_blueprint,Valkyr Prime 蓝图,4,5,5
cedo_barrel,塞多 枪管
velox_prime_receiver,逐电 Prime 枪机,4,4,4
concentrated_arrow,集中箭矢,18,20,25
zhuge_prime_blueprint,诸葛连弩 Prime 蓝图,4,4,4
counter_pulse,反转脉冲,14,19,20
accelerated_isotope,迅发核素,3,3,3
dera_vandal_blueprint,德拉·破坏者 蓝图,25
akbolto_prime_link,螺钉双枪 Prime 连接器,3,5,5
draining_gloom,幽暗枯竭,22,24
arcane_deflection,赋能·偏折,3,5,10
khra_canticle,Khra 颂歌,14,17,17
arcane_nullifier,赋能·消磁,3,4,5
magus_vigor,魔导·活力,5,5,6
arcane_trickery,赋能·诡计,4,4,5
nautilus_prime_cerebrum,鹦鹉螺 Prime 头部,18,19,20
augur_accord,预言 协约,3,3,4
rifle_amp,步枪增幅,20,20,25
baza_prime_barrel,苍鹰 Prime 枪管,5,7,7
sheev_blade,希芙 刀刃,8,14,20
blunderbuss,雷筒,2,2,5
strain_fever,菌株 热毒,18,25,50
cleanse_the_murmur,净化低语者,5,5,5
survival_instinct,生存本能,15
conic_nozzle,锥型推进器,4,5,5
twin_vipers_wraith_blueprint,双子蝰蛇·亡魂 蓝图,9,15,15
voltage_sequence,电压数列,20,25,25
continuous_misery,无尽苦难,2,3,3
guardian_armor,庇佑护甲,25,28,29
corvas_prime_stock,黑鸦 Prime 枪托,3,3,4
dig,挖掘,2,4,5
latron_prime_barrel,拉特昂 Prime 枪管,29,30,39
eject_magazine,弹匣置换,4,4,5
necramech_intensify,殁世机甲 聚精会神,15,15,15
embedded_catalyzer,内置触媒,4,5,7
panzer_devolution,铁甲回溯,13,14,21
perfect_balance,完美平衡,25,144
enhanced_durability,耐久强化,3,4,4
stahlta_set,钢刃步枪 一套,20,25,25
fortitude,不屈不挠,4,4,4
ghost,幽灵,2,3,3
tesla_bank,特斯拉电容,19,22,22
athodai_blueprint,阿索代 蓝图,18,19,20
handspring,翻筋斗,5,5,5
cyclone_kraken,飓风海怪,19,20,20
healing_return,治愈归复,5,5,5
hush,消音器,2,2,4
fulmin_prime_receiver,雷霆 Prime 枪机,14,15,15
hystrix_prime_blueprint,豪猪 Prime 蓝图,3,4,4
magus_drive,魔导·驱动,14,20,20
lock_and_load,填弹上膛,3,3,4
pacifying_bolts,抚慰之风,18,20,20
magazine_warp,弹匣增幅,3,10,10
primed_smite_corrupted,毁灭 Orokin Prime,25,30,30
mandonel_blueprint,辐光弩炮 蓝图,4,5,5
spectral_spirit,魅影魂灵,13,14,15
master_key,万能钥匙,2,4,4
tek_enhance,技法 强化,10,17,18
okina_prime_blade,翁 Prime 刀刃,3,3,4
twin_vipers_wraith_link,双子蝰蛇·亡魂 连接器,77
overview,纵观全局,3,3,5
champions_blessing,强者祝福,20,20,25
parallax_scope,视差瞄具,2,2,3
dera_vandal_barrel,德拉·破坏者 枪管,19,20
pathocyst_subcortex,病囊飞刃 下皮层,5,9,10
kaszas_set,死亡使徒 一套,19,20,25
poisonous_sting,剧毒螫刺,4,5,7
primed_quickdraw,持续火力 Prime,15,15,19
pounce,猛扑,4,5,9
viral_tempest,病毒风暴,15,18,19
pressurized_magazine,增压弹匣,3,5,5
zhuge_prime_barrel,诸葛连弩 Prime 枪管,20,20,20
raider_matrix,劫袭矩阵,2,3,3
mad_stack,狂堆速,25,64
regen,重生,10,10,10
panthera_prime_barrel,猎豹 Prime 枪管,15,18,18
revenant_prime_chassis_blueprint,Revenant Prime 机体 蓝图,3,3,3
rupture,破裂,9,10,10
abating_link,耗弱链接,19,20,20
sanctuary,守护光罩,3,4,4
adaptation,适应,13,14,15
sense_danger,危机感知,3,5,7
carmine_penta_blueprint,嫣红·潘塔 蓝图,10,10,15
shell_compression,压缩弹药,5,10,15
crushing_ruin,月落乌啼,11,12,12
strun_prime_barrel,斯特朗 Prime 枪管,7,10,14
cyngas_receiver,合成燃气炮 枪机,7,7,9
theorem_contagion,定理·触染,3,5,5
vaporize,汽化,2,3,3
epitaph_set,葬铭 一套,13,15,16
velox_receiver,逐电 枪机,4,4,5
exodia_contagion,神威·触染,15,15,15
vigilante_vigor,私法 活力,3,3,3
exodia_hunt,神威·狩猎,14,15,19
virtuos_strike,正直·打击,4,4,5
fragor_prime_handle,重击巨锤 Prime 握柄,14,15,16
void_cloak,虚空隐匿,5,5,10
frostbite,结霜侵蚀,14,15,16
volatile_quick_return,易爆速返,3,4,4
gauss_prime_systems_blueprint,Gauss Prime 系统 蓝图,14,15,18
whirlwind,旋风,4,4,5
wolf_sledge_handle,恶狼战锤握柄,4,5,5
kogake_prime_gauntlet,科加基 Prime 拳套,13,19,30
agile_aim,机动瞄准,3,3,3
mag_prime_neuroptics_blueprint,Mag Prime 头部神经光元 蓝图,18,19,20
arcane_agility,赋能·灵敏,5,10,10
mandonel_set,辐光弩炮 一套,20,20,24
arcane_blessing,赋能·赐福,3,3,5
mending_splinters,治愈玻片,13,18,20
arcane_rise,赋能·崛起,2,2,3
merulina_guardian,涌浪之护,13,18,18
arcane_victory,赋能·胜利,5,10,10
peaceful_provocation,和平挑衅,13,15,18
armored_agility,灵活装甲,3,3,3
power_drain,力量汲取,19,20,20
bane_of_grineer,灭亡 Grineer,2,3,3
battering_maneuver,机动冲撞,10,24,25
secondary_encumber,次要·妨害,14,14,15
breach_quanta,封隙量子,3,3,4
shadow_haze,暗影迷雾,14,15,15
broad_eye,广域之视,3,3,4
thermite_rounds,铝热焊弹,12,15,18
cascadia_empowered,瀑流·强化,3,3,3
thrall_pact,奴仆契约,18,20,20
virtuos_spike,正直·尖刺,8,14,18
cascadia_flare,瀑流·耀炎,4,4,4
wisp_prime_blueprint,Wisp Prime 蓝图,15,18,19
cascadia_overcharge,瀑流·溢能,3,3,3
charged_chamber,蓄力装填,2,3,3
abundant_mutation,增生突变,13,13,20
charged_shell,充电弹头,2,3,4
cleanse_corpus,净化 Corpus,3,3,4
ambush_optics,伏击光子,15,20,20
cleanse_grineer,净化 Grineer,3,3,3
arcane_steadfast,赋能·坚定,15,17,18
cleaving_whirlwind,弧刃回天,2,4,4
auger_strike,螺钻打击,12,15,15
conjunction_voltage,联结·电压,2,3,5
bladed_rounds,尖刃弹头,15,15,15
containment_breach,核控突破,2,3,3
cinta_lower_limb_blueprint,遂心 下弓臂 蓝图,15,15,15
corinth_prime_blueprint,科林斯 Prime 蓝图,4,5,5
critical_delay,关键延迟,15,19,19
drifting_contact,漂移接触,3,3,3
elusive_retribution,幻形惩戒,14,14,16
enraged,狂化震怒,13,14,15
endurance_drift,坚忍窜升,3,3,3
guided_effigy,导路龙骸,15,19,20
energy_field,能量力场,2,5,5
hallowed_eruption,圣域爆发,20,25,25
eternal_eradicate,永恒·湮灭,3,3,3
hallowed_reckoning,神圣清算,15,18,19
eternal_onslaught,永恒·猛攻,3,3,3
loyal_merulina,不渝珊瑚,14,16,17
euphona_prime_blueprint,悦音 Prime 蓝图,2,3,3
magnetized_discharge,磁吸释放,14,14,15
fast_hands,爆发装填,2,4,5
magus_firewall,魔导·防火墙,14,20,24
fetch,取回,3,4,4
mesmer_shield,催眠护盾,10,10,10
flame_repellent,火焰防护,3,3,4
mind_freak,精神狂怒,15,18,20
flechette,箭型弹头,2,3,3
necramech_pressure_point,殁世机甲 压迫点,15,15,15
focus_radon,聚焦氡气,3,3,3
necramech_rebuke,殁世机甲 训戒,15,20,20
fury,狂暴,2,2,3
parasitic_vitality,寄生活力,14,14,25
gara_prime_neuroptics_blueprint,Gara Prime 头部神经光元 蓝图,4,5,5
phaedra_stock,菲德菈 枪托,14,15,15
grim_fury,冷面狂怒,2,4,4
piercing_navigator,穿刺抛体,14,15,18
gunslinger,神枪手,2,3,4
reinforcing_stomp,践踏加固,10,15,15
harrow_prime_blueprint,Harrow Prime 蓝图,3,3,4
rousing_plunder,振奋劫掠,18,20,25
hawk_eye,隼目,4,5,10
savage_silence,残酷无息,13,14,14
hollow_point,空尖弹,3,4,4
sawtooth_clip,锯齿弹链,3,3,5
hyperstrike,超量打击,2,2,3
sevagoth_prime_blueprint,Sevagoth Prime 蓝图,9,15,15
hystrix_prime_barrel,豪猪 Prime 枪管,3,4,5
sonic_fracture,破碎声波,18,24,25
incendiary_coat,燃烧外壳,3,3,3
steel_charge,钢铁充能,15,15,25
ironclad_matrix,铁甲矩阵,4,5,6
surging_blades,涌流之刃,15,15,15
vazarin_transmute_core,Vazarin 转换核心,10,14
ivara_prime_neuroptics_blueprint,Ivara Prime 头部神经光元 蓝图,4,5,5
vigorous_swap,强力切换,14,14,14
jagged_edge,锯刃,2,2,3
baruuk_prime_neuroptics_blueprint,Baruuk Prime 头部神经光元 蓝图,15,18,19
karyst_prime_handle,凯洛斯特 Prime 握柄,3,5,5
buzz_kill,败兴虐杀,13,14,14
contamination_casing,毒染套管,9,9,14
killing_blow,一击必杀,2,3,3
damzav_vati,剧毒射击,20,20,20
lasting_sting,未完之刺,2,2,4
dark_propagation,幽暗蔓延,15,15,15
lex_prime_receiver,雷克斯 Prime 枪机,2,3,3
enveloping_cloud,包覆游云,15,16,18
lightning_rod,避雷针,2,10,10
gale_kick,狂风猛踢,10,15,20
melee_prowess,非凡技巧,2,4,7
hydroid_prime_blueprint,Hydroid Prime 蓝图,19,20,20
melee_retaliation,近战·报复,3,3,5
internal_bleeding,内部出血,10,14,14
melee_vortex,近战·旋涡,3,3,3
jahu_canticle,Jahu 颂歌,11,12,14
molt_vigor,蜕化·活力,3,3,3
latron_wraith_barrel,拉特昂·亡魂 枪管,25,30
molten_impact,熔岩冲击,3,3,4
pool_of_life,生命之池,15,20,25
munitions_vortex,弹药漩涡,3,3,4
smite_infusion,惩击洗礼,15,24,25
naramon_lens,Naramon 晶体,3,4,5
tenora_prime_barrel,双簧管 Prime 枪管,13,18,18
nidus_prime_systems_blueprint,Nidus Prime 系统 蓝图,3,3,3
volatile_parasite,暴怒寄生,13,14,15
adlet_core_blueprint,艾莱核心 蓝图,7,10
onslaught_matrix,强攻矩阵,3,3,3
orvius_blade,灵枢 刀刃,2,3,3
arcane_reaper,赋能·收割,15,17,20
pandero_prime_barrel,手鼓 Prime 枪管,5,5,5
arcane_velocity,赋能·迅速,9,10,10
pathocyst_blueprint,病囊飞刃 蓝图,4,5,8
divine_retribution,圣枪惩戒,14,14,15
piercing_hit,穿甲伤害,2,3,10
endless_lullaby,无尽催眠曲,13,18,25
primary_frostbite,主要·霜冻,3,3,3
energy_transfer,能量转移,15,18,19
reflect,反射,2,3,3
garuda_prime_neuroptics_blueprint,Garuda Prime 头部神经光元 蓝图,19,20,20
reflection,充能反弹,3,5,9
gladiator_might,角斗士 威猛,14,15,16
rending_turn,撕裂翻转,2,3,5
insatiable,不竭贪婪,14,14,15
retribution,惩戒,2,3,4
irradiating_disarm,辐射缴械,13,14,15
revenge,复仇,2,5,10
karyst_prime_blade,凯洛斯特 Prime 刀刃,19,20,20
rifle_aptitude,步枪才能,3,3,4
larkspur_prime_barrel,翠雀 Prime 枪管,19,19,20
ripload,撕裂装填,5,10,15
scourging_warheads,苦痛弹头,2,4,8
lasting_covenant,持久圣约,12,13,15
secondary_fortifier,次要·筑垒,4,9,9
lohk,Lohk,15,15,15
seeker_volley,追踪齐射,3,4,4
necramech_continuity,殁世机甲 持久力,12,12,13
sinister_reach,凶恶延伸,2,2,2
necramech_steel_fiber,殁世机甲 钢铁纤维,18,20,20
smite_corpus,毁灭 Corpus,3,4,4
necramech_vitality,殁世机甲 生命力,10,14,14
power_donation,献出力量,14,15,15
split_chamber,分裂膛室,3,3,3
primal_rage,原始暴怒,10,12,13
stradavar_prime_barrel,斯特拉迪瓦 Prime 枪管,3,4,4
ris,Ris,12,14,15
sundering_strike,破甲,2,2,3
safeguard_switch,护卫传送,13,13,25
suppress,消音,3,5,10
target_cracker,弱点专精,4,4,4
scindo_prime_blade,分裂斩斧 Prime 刀刃,22,22,22
tekko_prime_blueprint,铁钩手甲 Prime 蓝图,3,3,4
spellbound_harvest,迷尘丰益,9,10,13
tiberon_prime_blueprint,狂鲨 Prime 蓝图,3,4,5
swift_bite,迅猛之咬,13,15,19
virtuos_shadow,正直·暗影,3,3,4
warding_thurible,庇护焚炉,10,13,14
warhead,湮灭弹头,2,3,3
akstiletto_prime_blueprint,史提托双枪 Prime 蓝图,12,14,15
wildfire,野火,2,3,3
augur_reach,预言 通灵,10,13,13
wolf_sledge_head,恶狼战锤锤头,2,4,5
blazing_pillage,炽燃劫掠,14,14,15
zakti_prime_barrel,毒芽 Prime 枪管,3,4,5
creeping_terrify,缓动惊骇,13,15,20
aero_periphery,空飞 边际,2,2,3
cyngas_stock,合成燃气炮 枪托,14,15,19
afterburner,加力燃烧,3,3,5
frost_prime_systems_blueprint,Frost Prime 系统 蓝图,13,14,14
akbolto_prime_blueprint,螺钉双枪 Prime 蓝图,3,3,5
hildryn_prime_blueprint,Hildryn Prime 蓝图,12,15,15
akjagara_prime_blueprint,觉醒双枪 Prime 蓝图,4,4,4
intrepid_stand,无畏之战,14,15,15
ankyros_prime_blade,甲龙双拳 Prime 刀刃,5,5,8
jahu,Jahu,12,14,14
arcane_healing,赋能·复原,5,5,5
jet_stream,急流,13,14,16
arcane_intention,赋能·心相,3,3,4
karak_wraith_receiver,卡拉克·亡魂 枪机,15,20,28
arcane_phantasm,赋能·幻象,6,7,10
necramech_flow,殁世机甲 川流不息,14,15,15
atlas_prime_blueprint,Atlas Prime 蓝图,2,2,2
octavia_prime_chassis_blueprint,Octavia Prime 机体 蓝图,11,14,15
atomic_fallout,原子烟尘,2,2,3
onorix_blade,奥努里克斯 刀刃,14,15,17
bane_of_corpus,灭亡 Corpus,2,3,3
reaping_chakram,割魂火圈,16,18,30
bleeding_edge,血色刃缘,2,5,5
resonance,残响共鸣,13,18,24
bleeding_willow,血色万柳,3,3,4
rolling_guard,翻滚防护,14,15,15
blind_justice,无明制裁,2,3,3
shattered_storm,琉璃风暴,13,14,15
cabochon_embolos,弧面型栓子凝石,3,3,4
singularity,奇异点,12,12,20
chilling_reload,激冷装填,3,3,3
trinity_prime_blueprint,Trinity Prime 蓝图,13,15,19
countermeasures,反制系统,2,2,10
wrecking_wall,粉碎壁垒,15,15,16
critical_meltdown,关键熔毁,2,2,2
cruising_speed,巡航速度,3,3,3
wukong_prime_systems_blueprint,Wukong Prime 系统 蓝图,15,15,15
cutting_edge,切割刃缘,2,2,3
wyrm_prime_blueprint,蛟龙 Prime 蓝图,12,13,14
depleted_reload,耗竭装填,3,3,3
arcane_aegis,赋能·神盾,14,14,14
diamond_skin,钻石皮肤,2,3,10
artillery_cheap_shot,高效光能炮,15,15,20
double_barrel_drift,游离双管,2,3,5
assimilate,同化,14,15,17
eleventh_storm,终焉风暴,3,3,4
blinding_reave,致盲掠夺,10,18,20
calm_and_frenzy,冷静与疯狂,10,14,14
energy_inversion,能量转化,2,3,4
cathode_current,阴极电流,12,13,13
fractalized_reset,分形·重置,3,3,3
cephalon_suda_augment_mod,中枢苏达强化Mod,10,10,10
fulmin_prime_blueprint,雷霆 Prime 蓝图,2,3,4
conductor,指挥家,18,20,20
gnashing_payara,狼鱼咬咬,3,3,4
controlled_slide,平稳滑步,13,14,18
granums_nemesis,格拉努之劲敌,4,5,10
critical_mutation,关键突变,10,15,15
guardian_derision,奚落守护,3,5,5
dead_eye,死亡之眼,8,11,12
gunsen_prime_handle,军扇 Prime 握柄,3,4,5
defensive_fire,防御火力,8,50
hellfire,地狱火,3,4,4
duality,二元性状,15,15,18
ice_spring,冰冷跃动,4,4,4
energy_amplifier,能量扩散,10,12,15
ice_storm,冰风暴,3,3,3
exodia_triumph,神威·凯旋,12,20,85
indomitable_matrix,不屈矩阵,3,5,10
flame_gland,火焰腺体,25,25,77
ion_burn,离子燃烧,2,2,3
fracturing_crush,高压粉碎,13,14,14
metal_fiber,金属纤维,2,5,9
fragor_prime_blueprint,重击巨锤 Prime 蓝图,9,10,13
mischief,顽皮,3,3,3
furax_wraith_set,弗拉克斯·亡魂 一套,12,15,15
mobilize,全面驱动,2,3,3
latron_wraith_blueprint,拉特昂·亡魂 蓝图
magus_overload,魔导·超载,10,20,240
molt_reconstruct,蜕化·重塑,3,3,3
magus_revert,魔导·复位,10,20,180
motus_impact,跃动 冲击,2,3,4
nagantaka_prime_receiver,噬蛇弩 Prime 枪机,3,3,3
mantis_set,Mantis 一套,15,20,20
ninkondi_prime_chain,降灵追猎者 Prime 链条,4,5,5
mirage_prime_systems_blueprint,Mirage Prime 系统 蓝图,19,20,20
orthos_prime_blueprint,欧特鲁斯 Prime 蓝图,2,2,3
nautilus_systems,鹦鹉螺 系统,15,15,15
pack_leader,领袖,3,5,5
pyroclastic_flow,火成碎流,28,39
paris_prime_lower_limb,帕里斯 Prime 下弓臂,3,3,3
rifle_riven_mod_(veiled),步枪裂罅 Mod （尚未揭开）,10,15,15
patagium,翼膜,3,3,4
savior_decoy,救星诱饵,9,13,24
perigale_barrel,月面狂风 枪管,1,2,3
pistol_gambit,手枪精通,2,3,5
shade_prime_set,阴影 Prime 一套,15,15,15
point_strike,致命一击,3,3,3
soul_survivor,幸存生灵,13,25,25
predator,捕食者,4,4,4
spring_loaded_blade,簧压刀刃,10,12,13
protea_prime_blueprint,Protea Prime 蓝图,2,2,2
proton_jet,质子 喷射,3,4,4
tatsu_prime_set,龙辰 Prime 一套,10,10,12
provoked,激怒,8,9,10
thermal_transfer,热能传递,12,13,13
ravage,破灭,3,4,4
tipedo_prime_ornament,提佩多 Prime 饰物,9,13,15
reflex_coil,增幅线圈,3,3,9
triple_tap,三重连击,15,50
reflex_draw,反射拔枪,4,10,10
twin_vipers_wraith_barrels,双子蝰蛇·亡魂 枪管,14,15,20
residual_boils,残差·燃沸,5,5,5
valence_formation,效价炼成,13,15,16
virtuos_forge,正直·熔炉,9,15,15
revo_reducer,节流降耗,3,3,3
sarofang_handle,沙罗之牙 握柄,3,5,5
arcane_avenger,赋能·复仇者,10,12,14
sentient_scalpel,Sentient 解剖刀,2,3,3
archgun_ace,曲翼枪械行家,10,14,15
sharpened_claws,磨锋之爪,2,3,3
bo_prime_handle,玻之武杖 Prime 握柄,12,15,15
shattering_impact,碎裂冲击,3,4,4
centaur_handle,半人马 握柄,14,15,15
shock_absorbers,减震器,2,3,3
ceti_lacera_blueprint,天仓·悲痛之刃 蓝图,14,25,25
shotgun_barrage,霰弹弹幕,2,3,4
chroma_prime_systems_blueprint,Chroma Prime 系统 蓝图,13,20,41
smite_grineer,毁灭 Grineer,2,3,5
death_blossom,死亡绽放,19,28,30
sniper_ammo_mutation,狙击枪弹药转换,2,2,4
escape_velocity,脱离速度,37
spinning_needle,旋压刺针,2,2,2
steel_fiber,钢铁纤维,2,2,10
magus_accelerant,魔导·触媒,14,14,20
strafing_slide,滑行扫射,3,3,4
melee_riven_mod_(veiled),近战裂罅 Mod （尚未揭开）,8,8,11
superior_defenses,卓越防御,6,7,9
naramon_transmute_core,Naramon 转换核心,10,14
swirling_tiger,旋风虎击,3,4,4
poppin_vert,纵腾天际,25,64,80
synth_reflex,合成 反射,3,3,3
rhino_prime_blueprint,Rhino Prime 蓝图,14,14,16
tactical_pump,战术上膛,3,3,3
safeguard,火绫守护,10,15,15
territorial_aggression,侵略领土,4,4,5
true_steel,斩铁,2,2,3
target_fixation,目标入定,13,20,20
the_perrin_sequence_augment_mod,佩兰数列强化Mod,10
vitality,生命力,1,10,10
toxic_sequence,毒素数列,15,16,20
volnus_prime_blueprint,创伤 Prime 蓝图,5,5,5
vome,Vome,12,12,12
warm_coat,保温服,3,3,3
afuris_prime_receiver,盗贼双枪 Prime 枪机,18,18,19
worms_torment,蠕虫熬煎,2,3,3
agkuza_blade,驯象钩刃 刀刃,10,10,13
zylok_prime_receiver,席尔火枪 Prime 枪机,1,3,3
agility_drift,矫捷窜升,2,3,3
arcane_fury,赋能·狂怒,15,15,15
arcane_awakening,赋能·觉醒,4,5,5
arcane_grace,赋能·优雅,14,15,15
baza_prime_blueprint,苍鹰 Prime 蓝图,30,45,50
argon_plating,氩晶装甲,2,2,4
arrow_mutation,箭矢转换,3,3,4
blade_of_truth,真相之刃,9,13,13
banshee_prime_neuroptics_blueprint,Banshee Prime 头部神经光元 蓝图,4,4,5
chesa_kubrow_imprint,寻猎型库狛 基因印记,10,10,20
burston_prime_blueprint,伯斯顿 Prime 蓝图,1,1,2
cryo_coating,冷冻包覆,15,20,30
carnis_carapace,肉碾虫 壳甲,2,3,3
dual_keres_prime_blueprint,凯瑞斯双刀 Prime 蓝图,12,14,15
imperator_vandal_receiver,凯旋将军·破坏者 枪机,10,10,14
charm,招福,2,4,4
cold_snap,寒流来袭,2,3,3
molecular_fission,分子裂变,14,14,15
concealed_explosives,内置炸药,2,2,2
nautilus_carapace,鹦鹉螺 外壳,9,15,17
nautilus_cerebrum,鹦鹉螺 头部,10,12,12
concussion_rounds,震荡弹头,2,3,10
negation_swarm,不绝护甲,12,13,15
enhanced_vitality,构造强化,2,2,3
expel_grineer,驱逐 Grineer,3,4,4
netra,Netra,5,12,12
extend,延展,2,10,10
phoenix_renewal,凤凰新生,10,10,19
failsafe,失效保险,2,4,4
rathbone_head,拉斯波恩 锤头,15,18,20
finishing_touch,画龙点睛,2,2,3
sharpshooter,神射手,10,10,10
firewalker,火焰行者,2,2,3
temporal_artillery,时协炮击,13,15,15
garuda_prime_blueprint,Garuda Prime 蓝图,2,2,3
temporal_erosion,时空侵蚀,13,13,13
guardian,守护者,2,2,2
vampiric_grasp,血吸之握,14,14,15
gun_glide,恒稳枪杆,2,3,3
vasca_kavat_imprint,噬血型库娃 基因印记,12,12,14
warriors_rest,战士休憩,9,10,13
hildryn_prime_chassis_blueprint,Hildryn Prime 机体 蓝图,3,4,5
knell_prime_blueprint,丧钟 Prime 蓝图,1,2,4
wise_razor,慧黠斩剃,13,15,15
airburst_rounds,空爆弹,11,13,19
larkspur_prime_stock,翠雀 Prime 枪托,2,3,3
augur_seeker,预言 探求,15,15,15
life_strike,生命打击,3,3,3
bhaira_hound_blueprint,拜拉猎犬 蓝图
loyal_companion,忠实搭档,2,4,4
maglev,磁浮,2,4,4
desiccations_curse,枯竭诅咒,15,20,20
masseter_prime_blueprint,咀嚼金棒 Prime 蓝图,2,2,2
empowered_quiver,强化箭袋,13,13,14
motus_signal,跃动 信号,2,2,4
funnel_clouds,漏斗状云,12,12,13
nano_applicator,纳米涂覆,2,5,5
furious_javelin,狂怒标枪,15,15,25
necramech_fury,殁世机甲 狂暴,4,5,5
huras_kubrow_imprint,匿踪型库狛 基因印记,10,12,20
pain_threshold,痛苦阈值,2,3,3
larva_burst,幼体爆发,13,14,15
lasting_purity,永恒纯净,10,13,15
paris_prime_string,帕里斯 Prime 弓弦,2,2,2
mag_prime_chassis_blueprint,Mag Prime 机体 蓝图,9,10,12
perigale_receiver,月面狂风 枪机,2,3,4
magus_destruct,魔导·穿破,10,14,18
perigale_stock,月面狂风 枪托,2,3,4
masseter_prime_set,咀嚼金棒 Prime 一套,12,12,12
radiated_reload,辐能装填,2,3,3
mutalist_alad_v_assassinate_key,异融 Alad V 刺杀 （钥匙）,7,10,10
reach,剑风,1,1,2
rifle_scavenger,步枪弹药搜集者,13,15,30
rending_strike,撕裂打击,2,2,3
rift_torrent,裂隙洪流,15,29
repair_kit,修补套件,1,10,10
rumbled,轰隆石者,15,20,20
sarofang_blade,沙罗之牙 刀刃,2,3,5
saxum_carapace,重岩者 壳甲,15,25,25
shocking_touch,电击触点,2,2,3
seismic_wave,震波,10,15,15
teeming_virulence,猛爆致病,13,14,16
shotgun_savvy,通晓霰弹枪,2,2,3
beguiling_lantern,欺幻魔灯,13,16,20
spring_loaded_broadhead,簧压猎箭,9,10,10
swipe,挥击,2,3,3
blind_rage,盲怒,10,13,14
tainted_mag,腐败弹匣,2,2,2
butchers_revelry,屠戮盛宴,10,12,13
tempered_blade,强化刀片,2,3,9
damage_decoy,易伤诱饵,12,13,13
trapezium_xenorhast,梯型异源石,3,3,3
double_tap,双重连击,13,20,20
velox_prime_blueprint,逐电 Prime 蓝图,2,3,3
fass,Fass,12,13,14
vicious_spread,恶性扩散,3,3,3
ion_infusion,离子注入,8,10,14
vile_precision,极恶精准,2,3,3
martyr_symbiosis,忠勇共生,14,14,15
ordnance_cheap_shot,高效火炮,10,40,40
zaw_riven_mod_(veiled),Zaw 裂罅 Mod （尚未揭开）,2,3,3
spectrosiphon,光谱虹吸,10,10,13
accelerated_blast,加速冲击,1,2,2
the_relentless_lost,无情失落,8,10,12
accelerated_deflection,加速充能,2,2,2
adhesive_blast,凝胶爆破,2,2,4
transient_fortitude,瞬时坚毅,10,12,12
air_recon,空中侦察,2,4,5
tribunal,责难裁决,8,13,15
akarius_prime_link,阿利乌双枪 Prime 连接器,1,1,2
valkyr_prime_systems_blueprint,Valkyr Prime 系统 蓝图,9,12,12
akbronco_prime_link,野马双枪 Prime 连接器,1,4,4
afterburn,续燃,9,10,15
ammo_case,弹药储转箱,5,10,10
blood_for_energy,血易能量,15,19,20
arcane_consequence,赋能·结果,5,5,5
brain_storm,头脑风暴,9,10,10
arcane_momentum,赋能·动量,3,3,5
carmine_penta_barrel,嫣红·潘塔 枪管,14,15,15
arcane_tempo,赋能·节奏,3,4,4
cedo_stock,塞多 枪托,10,10
blood_for_ammo,血易弹药,2,3,3
corinth_prime_stock,科林斯 Prime 枪托,11,15,15
braton_prime_barrel,布莱顿 Prime 枪管,1,1,2
eternal_war,永恒战意,13,14,15
braton_prime_receiver,布莱顿 Prime 枪机,3,3,4
four_riders,天启异象,10,10,18
freeze_force,寒冰之力,12,13,14
braton_prime_stock,布莱顿 Prime 枪托,1,1,1
galvanized_savvy,镀层 通晓霰弹枪,12,13,14
bronco_prime_barrel,野马 Prime 枪管,2,2,3
bronco_prime_receiver,野马 Prime 枪机,2,2,3
galvanized_scope,镀层 氩晶瞄具,13,14,15
burdened_magazine,过载弹匣,1,2,2
gladiator_vice,角斗士 钳制,13,14,15
ice_wave_impedance,滞痕冰浪,14,15,20
burston_prime_stock,伯斯顿 Prime 枪托,1,2,2
muzzle_flash,枪口闪焰,13,14,15
calculated_redirection,精算蓄能,2,2,5
napalm_grenades,凝固汽油榴弹,10,12,19
carnis_mandible,肉碾虫 巨颚,2,2,2
pangolin_prime_blueprint,鲮鲤剑 Prime 蓝图,15,15,20
cascadia_accuracy,瀑流·精准,2,3,3
partitioned_mallet,分裂槌音,10,10,13
cats_eye,猫眼,2,3,3
protea_prime_systems_blueprint,Protea Prime 系统 蓝图,9,10,12
chilling_grasp,急冻控场,3,3,10
quickening,加速,14,15,15
clashing_forest,巨林冲击,2,2,2
reaper_prime_handle,收割者 Prime 握柄,10,10,10
cleanse_infested,净化 Infested,2,2,3
rising_storm,风起云涌,13,13,13
cobra_and_crane_prime_blade,眼镜蛇 & 鹤 Prime 刀刃,2,2,2
smoke_shadow,庇护烟幕,9,10,10
cobra_and_crane_prime_hilt,眼镜蛇 & 鹤 Prime 握柄,2,2,2
staggering_shield,失衡护盾,12,13,16
combustion_beam,灼热光束,1,1,2
stinging_truth,过激真相,5,14,17
crossing_snakes,双蛇牙突,2,2,2
urga_bracket_blueprint,厄加脚架 蓝图
cryo_rounds,低温弹头,2,3,3
venom_teeth,牙齿毒液,13,14,20
dispatch_overdrive,超速击杀,2,3,3
wrath_of_ukko,乌戈之怒,15,15,18
emergence_dissipate,始现·消散,2,2,2
zephyr_prime_blueprint,Zephyr Prime 蓝图,13,15,15
emergence_renewed,始现·新生,2,2,3
anchored_glide,聚精滑翔,10,13,25
emergence_savior,始现·救世,2,2,3
ash_prime_chassis_blueprint,Ash Prime 机体 蓝图,10,12,12
enemy_sense,敌人感应,2,3,4
avenging_truth,复仇真相,14,15,15
bo_prime_blueprint,玻之武杖 Prime 蓝图,9,12,13
eternal_logistics,永恒·流转,2,2,3
carmine_penta_stock,嫣红·潘塔 枪托,15,15,19
expel_infested,驱逐 Infested,2,3,3
catapult,肉弹发射,9,13,19
fang_prime_handle,狼牙 Prime 握柄,2,2,2
chaos_sphere,混乱领域,10,20,20
fast_deflection,快速充能,2,2,2
fatal_acceleration,致死加速,2,3,3
cobra_and_crane_prime_set,眼镜蛇 & 鹤 Prime 一套,14,15,15
fatal_attraction,致命诱惑,2,4,10
elemental_sandstorm,元素沙暴,12,13,15
fever_strike,热病打击,2,3,3
galvanized_shot,镀层 准确射手,12,13,14
fired_up,过热射击,2,2,2
ghoulsaw_blueprint,尸鬼电锯 蓝图,11
flow,川流不息,2,2,2
hikou_prime_pouch,飞扬 Prime 镖袋,16,17,17
proof_fragment,数学证明片段,29
frail_momentum,虚弱动能,2,3,3
reaper_prime_blade,收割者 Prime 刀刃,15,15,15
gemini_cross,纵横双子,2,2,2
recrystalize,多重结晶,13,15,20
grendel_prime_chassis_blueprint,Grendel Prime 机体 蓝图,1,2,2
rift_haven,裂隙避难所,15,20,29
heart_nyth,心形灵息石,2,2,4
sheev_hilt,希芙 握柄,10,15,20
heated_charge,火焰装填,2,2,3
heavy_impact,震地冲击,2,2,3
sicarus_prime_receiver,暗杀者 Prime 枪机,20,20,35
soma_prime_barrel,月神 Prime 枪管,14,15,19
heavy_trauma,重创,1,2,2
strun_wraith_barrel,斯特朗·亡魂 枪管,14,20,20
hells_chamber,地狱弹膛,2,2,2
targeting_receptor,目标感应,15,50,65
intensify,聚精会神,2,3,3
velox_set,逐电 一套,9,10,19
intruder,入侵者,2,5,10
air_time,乘空时间,10,10,13
iron_phoenix,钢铁凤凰,2,2,2
arbiters_of_hexis_augment_mod,均衡仲裁者强化Mod,10
lato_vandal_receiver,拉托·破坏者 枪机,3,4,5
arcane_pistoleer,赋能·枪炮,12,15,15
lex_prime_barrel,雷克斯 Prime 枪管,2,3,3
basmu_blueprint,巴什穆 蓝图,13,13,15
celestial_stomp,天圣践踏,10,13,15
magnum_force,重装火力,4,4,4
cinta_string_blueprint,遂心 弓弦 蓝图,10,10,15
marquise_thyst,女侯爵赤色水晶,2,2,2
disarming_purity,缴械纯净,10,10,13
master_thief,盗贼大师,2,4,5
metal_auger,合金钻头,2,2,2
galvanized_aptitude,镀层 步枪才能,12,13,14
no_return,有去无回,8,9,10
galvanized_diffusion,镀层 弹头扩散,10,12,12
north_wind,北风,2,2,4
infiltrate,渗透,15,15,20
organ_shatter,肢解,2,2,4
ironclad_flight,铁甲翱翔,12,13,15
orthos_prime_handle,欧特鲁斯 Prime 握柄,2,2,2
khra,Khra,14,15,15
phantasma_prime_blueprint,幻离子 Prime 蓝图,1,2,2
neutralizing_justice,抵消正义,10,15,39
pressure_point,压迫点,1,4,8
odonata_prime_harness_blueprint,陨蜓 Prime 外甲 蓝图,10,10,15
primary_merciless,主要·无情,2,2,3
parallax_set,星察 一套,10,10,12
proton_pulse,质子 脉动,2,5,8
rejuvenation,返老还童,11,12,12
radian_sentirum,弧度心智晶核,2,2,3
stinging_thorn,螫刺狂棘,12,13,13
radiant_zodian,发光的黄道宝石,2,2,2
surging_dash,涌流突进,15,20,20
reaping_spiral,收割螺旋,2,2,3
wild_frenzy,猛烈发狂,12,15,30
redirection,蓄能重划,2,10,29
winds_of_purity,纯净之风,9,10,13
reflex_guard,反射防御,2,3,5
antimatter_absorb,反物质吸收,10,13,35
relentless_combination,残酷组合,2,3,3
directed_convergence,定向汇聚,7,8,10
rubedo_lined_barrel,红晶枪管,2,8,10
efficient_beams,高效光束,10,14,14
rush,冲刺,2,3,4
galvanized_crosshairs,镀层 液压准心,13,14,15
sarofang_set,沙罗之牙 一套,2,3,3
galvanized_hell,镀层 地狱弹膛,12,13,13
scimitar_engines_blueprint,Scimitar 引擎 蓝图,3,4,5
imperator_vandal_barrel,凯旋将军·破坏者 枪管,7,8,10
scourge_prime_blade,祸根 Prime 刀刃,2,2,2
secondary_surge,次要·激涌,2,2,2
limbo_prime_neuroptics_blueprint,Limbo Prime 头部神经光元 蓝图,10,10,11
seeking_fury,狂暴追猎,2,2,2
magus_glitch,魔导·干扰,14,14,15
seismic_palm,震撼冲拳,2,2,2
neutron_star,中子星爆,10,18,24
shade_prime_blueprint,阴影 Prime 蓝图,1,2,2
phantasma_prime_stock,幻离子 Prime 枪托,10,18,20
shield_charger,护盾充能,2,2,2
pistol_scavenger,手枪弹药搜集者,13,14,20
sinking_talon,沉没之爪,2,3,3
rubble_heap,碎石堆叠,12,13,18
spare_parts,残余,2,3,3
shield_disruption,护盾瓦解,10,12,14
speed_trigger,灵敏扳机,2,3,5
shotgun_vendetta,霰弹·仇杀,12,12,15
static_discharge,静电释放,2,2,5
stradavar_prime_blueprint,斯特拉迪瓦 Prime 蓝图,9,10,14
steady_hands,稳定枪手,2,2,2
strun_wraith_blueprint,斯特朗·亡魂 蓝图,9,16
stealth_drift,匿踪窜升,2,2,3
vectis_prime_barrel,守望者 Prime 枪管,13,13,13
stormbringer,暴风使者,2,2,2
virtuos_trojan,正直·特洛伊,10,13,14
xata,Xata,12,12,15
stunning_speed,慑人神速,2,2,3
biting_frost,刺骨寒霜,15,15,19
sundering_weave,分裂编织,2,2,2
blending_talons,混沌利爪,10,13,15
tainted_clip,感染弹匣,1,2,2
blood_forge,祭血锻造,10,13,15
tainted_shell,污秽弹药,2,2,2
carrier_prime_carapace,搬运者 Prime 外壳,9,10,10
tatsu_prime_blade,龙辰 Prime 刀刃,2,3,3
centaur_aegis,半人马 盾,10,10,11
centaur_blade,半人马 剑刃,10,13,18
tether_grenades,系绳榴弹,1,5,5
thiefs_wit,盗贼天赋,2,2,2
decurion_barrel,什长双枪 枪管,10,12,20
toxic_flight,剧毒飞腾,2,3,3
epitaph_prime_blueprint,葬铭 Prime 蓝图,10,10,10
vazarin_lens,Vazarin 晶体,4,4,5
everlasting_ward,永恒之护,10,19,20
void_hole,虚空虹洞,2,3,3
fatal_teleport,致命传送,8,13,15
war_blade,战争之剑 刀片,3,3,5
abyssal_beacon,深渊信标,1,2,5
path_of_statues,化像之道,13,15,19
piercing_roar,刺骨战吼,12,12,15
acceltra_prime_blueprint,迅发电浆炮 Prime 蓝图,1,2,2
afuris_prime_link,盗贼双枪 Prime 连接器,2,2,3
repelling_bastille,驱逐力场,10,20,25
ammo_drum,弹鼓,2,2,5
repo_audit,回购审计,15,20
arcane_warmth,赋能·温暖,2,5,10
shell_rush,填弹加速,8,9,10
bronco_prime_blueprint,野马 Prime 蓝图,1,1,1
sprint_boost,冲刺提升,15,15,15
xiran,息壤鲳,15
burston_prime_barrel,伯斯顿 Prime 枪管,3,3,3
zylok_prime_set,席尔火枪 Prime 一套,15,15,15
cobra_and_crane_prime_blueprint,眼镜蛇 & 鹤 Prime 蓝图,2,2,2
acid_shells,酸性弹药,9,13,19
coiling_viper,毒蛇螺旋,2,2,2
ballistic_bullseye,弹道靶心,11,13,14
convulsion,痉挛,2,2,3
blood_rush,急进猛突,8,9,9
energy_channel,能量导引,2,2,3
braton_vandal_receiver,布莱顿·破坏者 枪机,10,10,10
flux_overdrive,通量步枪超载,1,2,2
breach_loader,破裂填装,8,9,9
fracturing_wind,破碎之风,1,2,2
bright_purity,光明纯净,8,9,10
capacitance,电容,13,13,14
fulmin_prime_barrel,雷霆 Prime 枪管,1,2,2
cataclysmic_continuum,灾变连连,10,13,15
fulmin_prime_stock,雷霆 Prime 枪托,2,3,3
cedo_receiver,塞多 枪机,20
grendel_prime_neuroptics_blueprint,Grendel Prime 头部神经光元 蓝图,1,2,2
charged_bullets,带电子弹,10,10,10
hornet_strike,黄蜂螫刺,2,4,4
constitution,百折不挠,11,11,14
medi_pet_kit,宠物治疗套件,1,2,2
corvas_stock,黑鸦 枪托,7,7,8
melee_fortification,近战·坚壁,2,2,2
dera_vandal_receiver,德拉·破坏者 枪机,15,20,20
orthos_prime_blade,欧特鲁斯 Prime 刀刃,2,2,2
energy_siphon,能量虹吸,10,12,19
paris_prime_grip,帕里斯 Prime 弓身,2,3,4
equinox_prime_blueprint,Equinox Prime 蓝图,12,14,14
primary_dexterity,主要·熟练,1,2,2
eroding_blight,侵蚀毁坏,9,13,13
purified_heciphron,高纯聚合荧石,1,2,2
exodia_force,神威·气力,8,10,20
razor_shot,剃刀射击,3,3,7
explosive_legerdemain,爆炸戏法,8,10,10
secondary_merciless,次要·无情,1,2,2
fass_canticle,Fass 颂歌,8,9,10
serration,膛线,1,3,3
final_harbinger,最终先驱,20,24,30
shade_prime_cerebrum,阴影 Prime 头部,1,2,2
focused_acceleration,聚焦加速,50
stahlta_barrel,钢刃步枪 枪管,2,2,3
form_up,列阵归队,8,10,10
stellated_necrathene,星形殁世烯,2,2,2
fused_reservoir,融合储能池,9,10,11
streamline,简化,2,2,2
galvanized_acceleration,镀层 致死加速,13,14,15
stretch,延伸,2,2,3
galvanized_chamber,镀层 分裂膛室,10,13,14
thunderbolt,雷火,2,4,5
ghoulsaw_set,尸鬼电锯 一套,10,18,20
undying_will,不朽意志,2,3,3
gleaming_blight,毁坏微光,12,15,20
gleaming_talon,微光利爪,10,10,15
wisp_prime_systems_blueprint,Wisp Prime 系统 蓝图,3,3,3
greedy_pull,贪婪吸引,10,10,10
zylok_prime_barrel,席尔火枪 Prime 枪管,1,2,2
hall_of_malevolence,恶怨厅,9,10,10
afuris_prime_blueprint,盗贼双枪 Prime 蓝图,1,1,1
hemorrhage,失血,10,10,10
akbronco_prime_blueprint,野马双枪 Prime 蓝图,1,1,1
hollowed_bullets,中空子弹,9,10,10
baruuk_prime_chassis_blueprint,Baruuk Prime 机体 蓝图,1,1,1
icy_avalanche,冰冷雪崩,14,15,15
gaias_tragedy,母神悲歌,1,1,2
iron_shrapnel,碎铁弹片,10,13,15
hildryn_prime_neuroptics_blueprint,Hildryn Prime 头部神经光元 蓝图,1,1,2
justice_blades,正义刀锋,7,8,10
infected_clip,污染弹匣,2,3,4
mach_crash,马赫崩毁,14,15,20
kinetic_ricochet,动力回弹,1,1,2
magma_chamber,熔岩弹膛,10,10,10
larkspur_prime_receiver,翠雀 Prime 枪机,1,2,2
malicious_raptor,恶毒猛禽,8,10,10
paris_prime_blueprint,帕里斯 Prime 蓝图,1,1,1
nagantaka_prime_blueprint,噬蛇弩 Prime 蓝图,14,14,15
nautilus_prime_carapace,鹦鹉螺 Prime 外壳,7,8,8
point_blank,抵近射击,2,3,3
necramech_aviator,殁世机甲 飞行员,8,10,10
primary_deadhead,主要·死首,2,2,2
pax_soar,和平·高飞,5,8,9
purging_slash,净化斩,8,10,11
tatsu_prime_blueprint,龙辰 Prime 蓝图,2,2,2
quasar_drill,类星钻体,5,5,8
thermagnetic_shells,热磁弹药,1,2,3
reactive_storm,响应风暴,10,13,20
vulpine_mask,狡狐诈面,2,2,2
reaper_prime_blueprint,收割者 Prime 蓝图,10,14,15
afuris_prime_barrel,盗贼双枪 Prime 枪管,1,1,1
reflex_denial,反射否认,10,10,10
ambassador_barrel,使节 枪管,1,1,1
repair_dispensary,修复支援,10,11,13
ambassador_receiver,使节 枪机,1,1,2
revealing_spores,显形孢子,10,10,10
ambassador_stock,使节 枪托,1,1,2
rhino_prime_neuroptics_blueprint,Rhino Prime 头部神经光元 蓝图,12,12,12
braton_prime_blueprint,布莱顿 Prime 蓝图,1,1,1
sahasa_kubrow_imprint,突击型库狛 基因印记,10,10,12
burning_wasp,炙热黄蜂,1,1,1
scattered_justice,散射正义,8,9,10
burston_prime_receiver,伯斯顿 Prime 枪机,1,1,1
scorch,灼痕焦点,12,13,13
esher_devar,伊舍兄弟之石,1,2,2
shield_of_shadows,幽影之护,9,12,13
faceted_tiametrite,多面提亚美凝石,1,1,1
shivering_contagion,冷颤触染,10,12,14
fang_prime_blueprint,狼牙 Prime 蓝图,1,1,1
shrapnel_rounds,破片弹头,11,15,40
goblite_tears,泪滴形填充细石,1,1,2
skull_shots,头颅射击,10,10,14
gunsen_prime_blueprint,军扇 Prime 蓝图,1,1,1
sniper_scavenger,狙击枪弹药搜集者,8,14,15
heart_noctrul,心形夜石,1,1,1
spectra_vandal_blueprint,光谱切割器·破坏者 蓝图,10,10,14
hildryn_prime_systems_blueprint,Hildryn Prime 系统 蓝图,1,1,1
squad_renew,小队治愈,10,13,15
kitgun_riven_mod_(veiled),组合枪裂罅 Mod （尚未揭开）,1,1,2
tatsu_prime_handle,龙辰 Prime 握柄,9,10,10
larkspur_prime_blueprint,翠雀 Prime 蓝图,1,2,3
transistor_shield,晶管屏障,10,12,13
lex_prime_blueprint,雷克斯 Prime 蓝图,1,1,2
trinity_prime_systems_blueprint,Trinity Prime 系统 蓝图,10,10,10
marquise_veridos,女侯爵翠萤石,1,1,1
vampire_leech,汲能榨取,14,15,20
masseter_prime_handle,咀嚼金棒 Prime 握柄,1,2,2
velocitus_barrel,极速电磁步枪 枪管,10,10,13
velox_prime_barrel,逐电 Prime 枪管,9,10,10
orvius_disc,灵枢 圆盘,1,1,1
volatile_rebound,易爆反弹,9,10,15
paris_prime_upper_limb,帕里斯 Prime 上弓臂,1,1,1
power_throw,奋力一掷,1,1,1
wisp_prime_chassis_blueprint,Wisp Prime 机体 蓝图,9,10,12
purged_dagonic,净化达戈琥珀,1,1,1
akarius_prime_blueprint,阿利乌双枪 Prime 蓝图,9,9,10
secondary_deadhead,次要·死首,2,2,2
ash_prime_neuroptics_blueprint,Ash Prime 头部神经光元 蓝图,10,12,13
secondary_dexterity,次要·熟练,1,2,2
ballistica_prime_lower_limb,布里斯提卡 Prime 下弓臂,5,15,50
bore,枪膛,1,8,10
shade_prime_systems,阴影 Prime 系统,2,2,2
cinta_blueprint,遂心 蓝图,10,10,14
smooth_phasmin,光滑翡斯敏石,1,1,1
cinta_grip_blueprint,遂心 握把 蓝图,9,10,10
star_amarast,星形紫苋石,1,1,1
star_crimzian,星形绯红石,2,2,2
cinta_upper_limb_blueprint,遂心 上弓臂 蓝图,10,12,15
stropha_stock,诡计之刃 枪托,2,2,2
contagion_cloud,感染毒雾,10,12,13
tear_azurite,泪滴形石青,1,1,1
corrosive_projection,腐蚀投射,12,13,15
war_hilt,战争之剑 握柄,1,1,2
corufell_barrel,闪劫 枪管,5,15
corvas_barrel,黑鸦 枪管,10,10,10
corvas_receiver,黑鸦 枪机,10,11,12
counterbalance,制衡,10,12,14
critical_surge,暴击涌流,9,10,10
cunning_drift,狡诈窜升,8,10,10
cyngas_barrel,合成燃气炮 枪管,9,9,9
decurion_receiver,什长双枪 枪机,9,10,11
electrified_barrel,带电枪管,9,12,14
exothermic,释能放热,8,10,13
fanged_fusillade,尖牙连射,8,10,10
fireball_frenzy,狂热火球,13,15,18
firewall,防火墙,9,10,15
fluctus_barrel,巨浪 枪管,10,11,12
fluctus_limbs,巨浪 弓臂,9,10,12
fragor_prime_head,重击巨锤 Prime 锤头,10,10,10
frigid_blast,冰冷疾风,9,10,10
gilded_truth,镀金真相,13,14,15
gorgon_wraith_set,蛇发女妖·亡魂 一套,9,9,10
gourmand,美食家,13,19,20
healing_flame,治愈之焰,12,12,12
hearty_nourishment,丰盛滋养,8,12,13
intruder_stasis,侵入停滞,7,9,10
investigator,侦察,10,10,12
ivara_prime_systems_blueprint,Ivara Prime 系统 蓝图,8,9,9
kronen_prime_handle,皇家拐刃 Prime 握柄,10,10,10
necramech_thrusters,殁世机甲 推进器,10,10,10
nightwatch_napalm,夜巡燃烧弹,12,14,14
nova_prime_systems_blueprint,Nova Prime 系统 蓝图,8,8,8
ore_gaze,矿石凝视,10,13,18
pilfering_swarm,贪夺触角,10,10,13
razorwing_blitz,刀翼闪击,9,9,9
regenerative_molt,蜕化再生,8,10,10
resonating_quake,震地共鸣,11,14,19
scourge_prime_blueprint,祸根 Prime 蓝图,9,13,15
shattering_storm,云暴山碎,10,14,15
shedu_barrel,舍杜 枪管,9,9,9
sheev_blueprint,希芙 蓝图,14,15,20
shock_trooper,电击奇兵,10,13,14
snipetron_vandal_receiver,狙击特昂·破坏者 枪机,12
sure_footed,顶天立地,9,10,10
sweeping_serration,扫荡锯齿,10,10,10
tectonic_fracture,构造裂缝,12,13,18
titanic_rumbler,巨大石者,10,13,19
toxic_blight,毁坏毒素,7,8,8
trinity_prime_chassis_blueprint,Trinity Prime 机体 蓝图,5,9,9
venari_bodyguard,薇娜丽的护卫,10,13,14
agkuza_guard,驯象钩刃 护手,7,8,9
boltor_prime_blueprint,螺钉步枪 Prime 蓝图,9,10,10
bursting_mass,爆发质量,10,10,19
cedo_blueprint,塞多 蓝图,10,10,20
chromatic_blade,华彩刀剑,9,10,10
deadly_sequence,致命数列,9,10,13
